rank,score,family,name,center_window_over_core_mean,middle_third_over_side_thirds,core_rms_fraction,top_over_bottom,left_over_right,profile_rmse_x,profile_rmse_y,params_json
1,1.343771817052452,elliptical_input_dip,elliptical_dip_d0.600_sx4.000_sy1.500mm,0.7609304702522186,0.8997157453456894,0.20701772462520907,1.0000000206466626,1.0000000004379304,0.10135921752356533,0.106745546391628,"{""amplitude_dip_family"": ""elliptical_input_dip"", ""amplitude_dip_depth"": 0.6000000000000001, ""amplitude_dip_sigma_x_mm"": 4.0, ""amplitude_dip_sigma_y_mm"": 1.5}"
2,1.5376436358437455,elliptical_input_dip,elliptical_dip_d0.700_sx4.000_sy1.200mm,0.807820092542618,0.902317844694757,0.23811879989594475,1.000000020850038,0.9999999944449941,0.09702107428579433,0.16055728473187164,"{""amplitude_dip_family"": ""elliptical_input_dip"", ""amplitude_dip_depth"": 0.7000000000000001, ""amplitude_dip_sigma_x_mm"": 4.0, ""amplitude_dip_sigma_y_mm"": 1.2}"
3,1.6925704094274654,elliptical_input_dip,elliptical_dip_d0.600_sx6.000_sy1.800mm,0.7528505736809329,0.9416435247477216,0.21254660534497974,1.0000000108358678,0.9999999992449834,0.11938434150237949,0.06975973839831445,"{""amplitude_dip_family"": ""elliptical_input_dip"", ""amplitude_dip_depth"": 0.6000000000000001, ""amplitude_dip_sigma_x_mm"": 6.0, ""amplitude_dip_sigma_y_mm"": 1.8}"
4,1.7016164107452751,elliptical_input_dip,elliptical_dip_d0.700_sx6.000_sy1.500mm,0.7449422818707383,0.9378165529297166,0.26788343169123907,1.000000023269251,1.000000008179766,0.12416407052825675,0.11481030458798243,"{""amplitude_dip_family"": ""elliptical_input_dip"", ""amplitude_dip_depth"": 0.7000000000000001, ""amplitude_dip_sigma_x_mm"": 6.0, ""amplitude_dip_sigma_y_mm"": 1.5}"
5,1.741333244891803,elliptical_input_dip,elliptical_dip_d0.600_sx6.000_sy2.100mm,0.742908746624419,0.9344853086545261,0.205901443449381,1.0000000194518197,1.0000000014355148,0.12217566002408514,0.0626611727095534,"{""amplitude_dip_family"": ""elliptical_input_dip"", ""amplitude_dip_depth"": 0.6000000000000001, ""amplitude_dip_sigma_x_mm"": 6.0, ""amplitude_dip_sigma_y_mm"": 2.1}"
6,1.7505948450419448,elliptical_input_dip,elliptical_dip_d0.600_sx6.000_sy2.400mm,0.7463855141603163,0.9285204983107208,0.1940083472767709,1.0000000219117617,1.0000000026306328,0.11802294423442032,0.05792125274530991,"{""amplitude_dip_family"": ""elliptical_input_dip"", ""amplitude_dip_depth"": 0.6000000000000001, ""amplitude_dip_sigma_x_mm"": 6.0, ""amplitude_dip_sigma_y_mm"": 2.4}"
7,1.802783067165661,elliptical_input_dip,elliptical_dip_d0.600_sx6.000_sy1.500mm,0.7853026607098812,0.9500066443354421,0.2100674440764446,1.0000000200550272,0.9999999921770286,0.10872729859021191,0.0844807769528881,"{""amplitude_dip_family"": ""elliptical_input_dip"", ""amplitude_dip_depth"": 0.6000000000000001, ""amplitude_dip_sigma_x_mm"": 6.0, ""amplitude_dip_sigma_y_mm"": 1.5}"
8,1.8060559408905392,elliptical_input_dip,elliptical_dip_d0.600_sx4.000_sy1.800mm,0.7239267453023693,0.8828509161658765,0.213112243623491,1.000000015112994,0.9999999927644924,0.11399129495414388,0.10072674007606533,"{""amplitude_dip_family"": ""elliptical_input_dip"", ""amplitude_dip_depth"": 0.6000000000000001, ""amplitude_dip_sigma_x_mm"": 4.0, ""amplitude_dip_sigma_y_mm"": 1.8}"
9,1.8372508562760614,elliptical_input_dip,elliptical_dip_d0.800_sx4.000_sy1.200mm,0.798275547012634,0.8866280323126633,0.2909657392114875,1.0000000282441994,1.000000001034373,0.09680310194786143,0.20269788081753015,"{""amplitude_dip_family"": ""elliptical_input_dip"", ""amplitude_dip_depth"": 0.8, ""amplitude_dip_sigma_x_mm"": 4.0, ""amplitude_dip_sigma_y_mm"": 1.2}"
10,1.9155138777479535,elliptical_input_dip,elliptical_dip_d0.700_sx3.000_sy1.200mm,0.7805060423614595,0.8462837224759093,0.23757328576284836,1.0000000145109127,0.9999999859134946,0.09169785008870009,0.1851308652046912,"{""amplitude_dip_family"": ""elliptical_input_dip"", ""amplitude_dip_depth"": 0.7000000000000001, ""amplitude_dip_sigma_x_mm"": 3.0, ""amplitude_dip_sigma_y_mm"": 1.2}"
11,1.931629525820752,elliptical_input_dip,elliptical_dip_d0.600_sx6.000_sy3.000mm,0.769942548471981,0.9196192693499908,0.16612326877957115,1.000000021704005,1.0000000053356282,0.10411777703480973,0.05501309466367837,"{""amplitude_dip_family"": ""elliptical_input_dip"", ""amplitude_dip_depth"": 0.6000000000000001, ""amplitude_dip_sigma_x_mm"": 6.0, ""amplitude_dip_sigma_y_mm"": 3.0}"
12,1.9401299417388744,elliptical_input_dip,elliptical_dip_d0.600_sx3.000_sy1.200mm,0.8045394516377964,0.8714113592505379,0.19222371765013307,1.0000000118393673,0.9999999979828611,0.09397763662366795,0.14916467129945146,"{""amplitude_dip_family"": ""elliptical_input_dip"", ""amplitude_dip_depth"": 0.6000000000000001, ""amplitude_dip_sigma_x_mm"": 3.0, ""amplitude_dip_sigma_y_mm"": 1.2}"
13,1.9679712521997863,elliptical_input_dip,elliptical_dip_d0.700_sx4.000_sy1.500mm,0.7173787074134107,0.8761567238979758,0.26170547382183623,1.0000000203320079,0.9999999970730958,0.11877722246018987,0.14348516598368324,"{""amplitude_dip_family"": ""elliptical_input_dip"", ""amplitude_dip_depth"": 0.7000000000000001, ""amplitude_dip_sigma_x_mm"": 4.0, ""amplitude_dip_sigma_y_mm"": 1.5}"
14,1.986188552442413,elliptical_input_dip,elliptical_dip_d0.500_sx4.000_sy1.800mm,0.7834869938045337,0.9101415018516813,0.16158386357236978,1.0000000131762203,0.9999999913228624,0.09619688127012364,0.0751920434548579,"{""amplitude_dip_family"": ""elliptical_input_dip"", ""amplitude_dip_depth"": 0.5, ""amplitude_dip_sigma_x_mm"": 4.0, ""amplitude_dip_sigma_y_mm"": 1.8}"
15,2.0127725057625483,elliptical_input_dip,elliptical_dip_d0.500_sx4.000_sy2.100mm,0.7771628488171595,0.9008840228042435,0.1578542061801719,1.0000000094265615,0.9999999965813586,0.09526034077302291,0.07266765047058993,"{""amplitude_dip_family"": ""elliptical_input_dip"", ""amplitude_dip_depth"": 0.5, ""amplitude_dip_sigma_x_mm"": 4.0, ""amplitude_dip_sigma_y_mm"": 2.1}"
16,2.0225220774205903,elliptical_input_dip,elliptical_dip_d0.500_sx3.000_sy1.500mm,0.7820338210524198,0.8753304917059833,0.16573246382643217,1.00000000833564,0.9999999951219612,0.09047278456795768,0.10745008862936092,"{""amplitude_dip_family"": ""elliptical_input_dip"", ""amplitude_dip_depth"": 0.5, ""amplitude_dip_sigma_x_mm"": 3.0, ""amplitude_dip_sigma_y_mm"": 1.5}"
17,2.117589316013146,elliptical_input_dip,elliptical_dip_d0.500_sx3.000_sy1.800mm,0.7545057377675273,0.8577645801321444,0.17289489801541766,1.0000000148759447,0.9999999898872518,0.09151507342499714,0.1043994294016042,"{""amplitude_dip_family"": ""elliptical_input_dip"", ""amplitude_dip_depth"": 0.5, ""amplitude_dip_sigma_x_mm"": 3.0, ""amplitude_dip_sigma_y_mm"": 1.8}"
18,2.1363446152441523,elliptical_input_dip,elliptical_dip_d0.500_sx4.000_sy2.400mm,0.7802670633453138,0.8934431156900744,0.1513836840873004,1.000000012066835,0.9999999912783665,0.093132626008391,0.0738401675101584,"{""amplitude_dip_family"": ""elliptical_input_dip"", ""amplitude_dip_depth"": 0.5, ""amplitude_dip_sigma_x_mm"": 4.0, ""amplitude_dip_sigma_y_mm"": 2.4}"
19,2.1809061017426132,elliptical_input_dip,elliptical_dip_d0.600_sx4.000_sy1.200mm,0.828614125321175,0.9187002581436605,0.19080671295007523,1.0000000146915493,0.999999992668983,0.10053348201733557,0.12957292703148596,"{""amplitude_dip_family"": ""elliptical_input_dip"", ""amplitude_dip_depth"": 0.6000000000000001, ""amplitude_dip_sigma_x_mm"": 4.0, ""amplitude_dip_sigma_y_mm"": 1.2}"
20,2.1888826300846578,elliptical_input_dip,elliptical_dip_d0.600_sx4.000_sy2.100mm,0.7093507929987436,0.8685582098182056,0.21148336605215948,1.000000016564778,1.0000000089021832,0.11836036018133397,0.10036341113136277,"{""amplitude_dip_family"": ""elliptical_input_dip"", ""amplitude_dip_depth"": 0.6000000000000001, ""amplitude_dip_sigma_x_mm"": 4.0, ""amplitude_dip_sigma_y_mm"": 2.1}"
21,2.2052273148470727,elliptical_input_dip,elliptical_dip_d0.600_sx3.000_sy1.500mm,0.7318618080589856,0.8422248759383247,0.2133779796473703,1.00000001695602,0.999999991742,0.09808793440176558,0.13875300412511793,"{""amplitude_dip_family"": ""elliptical_input_dip"", ""amplitude_dip_depth"": 0.6000000000000001, ""amplitude_dip_sigma_x_mm"": 3.0, ""amplitude_dip_sigma_y_mm"": 1.5}"
22,2.2478331669480487,elliptical_input_dip,elliptical_dip_d0.500_sx4.000_sy1.500mm,0.8068099165586083,0.9214566089527483,0.1594923721827172,1.0000000125608917,0.999999998468072,0.09678755445328634,0.0856218237003944,"{""amplitude_dip_family"": ""elliptical_input_dip"", ""amplitude_dip_depth"": 0.5, ""amplitude_dip_sigma_x_mm"": 4.0, ""amplitude_dip_sigma_y_mm"": 1.5}"
23,2.277817453698916,elliptical_input_dip,elliptical_dip_d0.700_sx6.000_sy1.200mm,0.8305095379107816,0.9508989888715084,0.24627378733266192,1.0000000205086454,1.0000000020327513,0.10571114372651971,0.14393781779042206,"{""amplitude_dip_family"": ""elliptical_input_dip"", ""amplitude_dip_depth"": 0.7000000000000001, ""amplitude_dip_sigma_x_mm"": 6.0, ""amplitude_dip_sigma_y_mm"": 1.2}"
24,2.3322983830245665,elliptical_input_dip,elliptical_dip_d0.600_sx2.500_sy1.200mm,0.784308705621501,0.832832965301579,0.19859342647179032,1.0000000119383716,0.9999999904646499,0.09254387515541497,0.16857544263749683,"{""amplitude_dip_family"": ""elliptical_input_dip"", ""amplitude_dip_depth"": 0.6000000000000001, ""amplitude_dip_sigma_x_mm"": 2.5, ""amplitude_dip_sigma_y_mm"": 1.2}"
25,2.3535021628394803,elliptical_input_dip,elliptical_dip_d0.500_sx3.000_sy2.100mm,0.7441858193380346,0.8435155008826399,0.17502501041570556,1.0000000042603974,0.9999999985346125,0.0920492453132875,0.10669141527605905,"{""amplitude_dip_family"": ""elliptical_input_dip"", ""amplitude_dip_depth"": 0.5, ""amplitude_dip_sigma_x_mm"": 3.0, ""amplitude_dip_sigma_y_mm"": 2.1}"
26,2.359784107514883,elliptical_input_dip,elliptical_dip_d0.600_sx4.000_sy2.400mm,0.7082945362082008,0.8567504333264522,0.20564928168052493,1.0000000088756813,0.9999999931551395,0.11533604945832686,0.10103604928242363,"{""amplitude_dip_family"": ""elliptical_input_dip"", ""amplitude_dip_depth"": 0.6000000000000001, ""amplitude_dip_sigma_x_mm"": 4.0, ""amplitude_dip_sigma_y_mm"": 2.4}"
27,2.383795462262041,elliptical_input_dip,elliptical_dip_d0.500_sx2.500_sy1.500mm,0.7611757932398963,0.8377135433536829,0.17576605753382585,1.0000000146821366,0.9999999861120643,0.08953229470375869,0.12911647784696093,"{""amplitude_dip_family"": ""elliptical_input_dip"", ""amplitude_dip_depth"": 0.5, ""amplitude_dip_sigma_x_mm"": 2.5, ""amplitude_dip_sigma_y_mm"": 1.5}"
28,2.43321068427461,elliptical_input_dip,elliptical_dip_d0.800_sx6.000_sy1.200mm,0.8232439557550377,0.9428461967997397,0.30334394630769684,1.0000000263460587,0.9999999938076586,0.10526475875233467,0.18380742670859743,"{""amplitude_dip_family"": ""elliptical_input_dip"", ""amplitude_dip_depth"": 0.8, ""amplitude_dip_sigma_x_mm"": 6.0, ""amplitude_dip_sigma_y_mm"": 1.2}"
29,2.4572407013409734,elliptical_input_dip,elliptical_dip_d0.600_sx4.000_sy3.000mm,0.7237069715008044,0.8393004282834415,0.19133137297826003,1.000000018106985,0.9999999915924178,0.10176720484619932,0.10392488376928606,"{""amplitude_dip_family"": ""elliptical_input_dip"", ""amplitude_dip_depth"": 0.6000000000000001, ""amplitude_dip_sigma_x_mm"": 4.0, ""amplitude_dip_sigma_y_mm"": 3.0}"
30,2.4883643023533297,elliptical_input_dip,elliptical_dip_d0.500_sx4.000_sy3.000mm,0.7970286091042356,0.8827489546284831,0.13780941940511598,1.0000000052637872,0.9999999952351053,0.09091044723992112,0.08128378342650425,"{""amplitude_dip_family"": ""elliptical_input_dip"", ""amplitude_dip_depth"": 0.5, ""amplitude_dip_sigma_x_mm"": 4.0, ""amplitude_dip_sigma_y_mm"": 3.0}"
31,2.4990541566936604,elliptical_input_dip,elliptical_dip_d0.700_sx6.000_sy1.800mm,0.6941168116890389,0.9253106542257368,0.2764967318785078,1.0000000314453676,1.000000003122856,0.15373117730572672,0.10670033713702497,"{""amplitude_dip_family"": ""elliptical_input_dip"", ""amplitude_dip_depth"": 0.7000000000000001, ""amplitude_dip_sigma_x_mm"": 6.0, ""amplitude_dip_sigma_y_mm"": 1.8}"
32,2.502852198059572,elliptical_input_dip,elliptical_dip_d0.700_sx6.000_sy3.000mm,0.6861723353244226,0.8886589186872029,0.2320735801192108,1.000000024309435,1.0000000011253198,0.14575367028354352,0.08981044456749178,"{""amplitude_dip_family"": ""elliptical_input_dip"", ""amplitude_dip_depth"": 0.7000000000000001, ""amplitude_dip_sigma_x_mm"": 6.0, ""amplitude_dip_sigma_y_mm"": 3.0}"
33,2.5428135492486086,elliptical_input_dip,elliptical_dip_d0.500_sx3.000_sy2.400mm,0.7436261264955271,0.8321387299093683,0.17468228727410623,1.0000000115822705,0.9999999951831826,0.09085113928186278,0.11059756532013189,"{""amplitude_dip_family"": ""elliptical_input_dip"", ""amplitude_dip_depth"": 0.5, ""amplitude_dip_sigma_x_mm"": 3.0, ""amplitude_dip_sigma_y_mm"": 2.4}"
34,2.578364927262158,elliptical_input_dip,elliptical_dip_d0.500_sx2.500_sy1.200mm,0.8175609168081546,0.8643843189883381,0.15724729261810216,1.0000000055186322,0.9999999932918944,0.09913619501911475,0.1379368752629073,"{""amplitude_dip_family"": ""elliptical_input_dip"", ""amplitude_dip_depth"": 0.5, ""amplitude_dip_sigma_x_mm"": 2.5, ""amplitude_dip_sigma_y_mm"": 1.2}"
35,2.5853161643918616,elliptical_input_dip,elliptical_dip_d0.500_sx6.000_sy1.800mm,0.8077086000512639,0.9556670569639265,0.15983667731700843,1.0000000126971165,0.9999999975112747,0.10445118730822266,0.05740413457975783,"{""amplitude_dip_family"": ""elliptical_input_dip"", ""amplitude_dip_depth"": 0.5, ""amplitude_dip_sigma_x_mm"": 6.0, ""amplitude_dip_sigma_y_mm"": 1.8}"
36,2.6045805529339296,elliptical_input_dip,elliptical_dip_d0.500_sx6.000_sy2.100mm,0.8048441373466619,0.951181640444378,0.1523533142382215,1.0000000100191229,0.9999999944436311,0.10354141966365338,0.05182828384513655,"{""amplitude_dip_family"": ""elliptical_input_dip"", ""amplitude_dip_depth"": 0.5, ""amplitude_dip_sigma_x_mm"": 6.0, ""amplitude_dip_sigma_y_mm"": 2.1}"
37,2.6287877805995405,elliptical_input_dip,elliptical_dip_d0.800_sx3.000_sy1.200mm,0.7680340058986903,0.8221665913422626,0.2871744324589587,1.000000020159716,0.999999991681232,0.09277551928165681,0.23000039031677572,"{""amplitude_dip_family"": ""elliptical_input_dip"", ""amplitude_dip_depth"": 0.8, ""amplitude_dip_sigma_x_mm"": 3.0, ""amplitude_dip_sigma_y_mm"": 1.2}"
38,2.628967893711109,elliptical_input_dip,elliptical_dip_d0.400_sx2.500_sy1.800mm,0.7946559001795142,0.861178757394454,0.13896291684315656,1.000000010625038,0.9999999911365922,0.09146161585755289,0.103079931047978,"{""amplitude_dip_family"": ""elliptical_input_dip"", ""amplitude_dip_depth"": 0.4, ""amplitude_dip_sigma_x_mm"": 2.5, ""amplitude_dip_sigma_y_mm"": 1.8}"
39,2.666809280735729,elliptical_input_dip,elliptical_dip_d0.400_sx2.500_sy2.100mm,0.7875958269804314,0.849271889288912,0.1423927072183338,1.0000000033495682,0.9999999912965809,0.09063362817446845,0.10560326387048238,"{""amplitude_dip_family"": ""elliptical_input_dip"", ""amplitude_dip_depth"": 0.4, ""amplitude_dip_sigma_x_mm"": 2.5, ""amplitude_dip_sigma_y_mm"": 2.1}"
40,2.7214978731015544,elliptical_input_dip,elliptical_dip_d0.500_sx3.000_sy1.200mm,0.8348901017342372,0.8962255162647845,0.15121956983194665,1.0000000141495917,0.9999999912771783,0.10224043120592745,0.12402361906598797,"{""amplitude_dip_family"": ""elliptical_input_dip"", ""amplitude_dip_depth"": 0.5, ""amplitude_dip_sigma_x_mm"": 3.0, ""amplitude_dip_sigma_y_mm"": 1.2}"
41,2.7575585720009963,elliptical_input_dip,elliptical_dip_d0.800_sx6.000_sy1.500mm,0.7133987990903483,0.9252032049072437,0.3346115669860505,1.0000000339286161,0.9999999974031619,0.1425197124921708,0.15867977039000578,"{""amplitude_dip_family"": ""elliptical_input_dip"", ""amplitude_dip_depth"": 0.8, ""amplitude_dip_sigma_x_mm"": 6.0, ""amplitude_dip_sigma_y_mm"": 1.5}"
42,2.763616620712638,elliptical_input_dip,elliptical_dip_d0.400_sx2.500_sy2.400mm,0.7874544135490423,0.8399513332039263,0.14407252314036714,1.0000000130948938,0.9999999911567162,0.09144252950268707,0.10995157877891368,"{""amplitude_dip_family"": ""elliptical_input_dip"", ""amplitude_dip_depth"": 0.4, ""amplitude_dip_sigma_x_mm"": 2.5, ""amplitude_dip_sigma_y_mm"": 2.4}"
43,2.7698930383077567,elliptical_input_dip,elliptical_dip_d0.400_sx3.000_sy2.100mm,0.8097025136838532,0.884670326476609,0.12741810111321755,1.000000003750223,0.9999999992887746,0.09312382537263915,0.08778573012036354,"{""amplitude_dip_family"": ""elliptical_input_dip"", ""amplitude_dip_depth"": 0.4, ""amplitude_dip_sigma_x_mm"": 3.0, ""amplitude_dip_sigma_y_mm"": 2.1}"
44,2.7751948675143296,elliptical_input_dip,elliptical_dip_d0.500_sx6.000_sy2.400mm,0.8111354181064826,0.9475643589377554,0.14154718555961995,1.0000000099559065,0.9999999978456353,0.10198668572760196,0.052239875921964475,"{""amplitude_dip_family"": ""elliptical_input_dip"", ""amplitude_dip_depth"": 0.5, ""amplitude_dip_sigma_x_mm"": 6.0, ""amplitude_dip_sigma_y_mm"": 2.4}"
45,2.7922500069616816,elliptical_input_dip,elliptical_dip_d0.400_sx3.000_sy1.800mm,0.8143616326164145,0.8939437534146846,0.12746988617571112,1.0000000014636083,0.9999999963974628,0.09446130908568974,0.08735773504445495,"{""amplitude_dip_family"": ""elliptical_input_dip"", ""amplitude_dip_depth"": 0.4, ""amplitude_dip_sigma_x_mm"": 3.0, ""amplitude_dip_sigma_y_mm"": 1.8}"
46,2.797373314128014,elliptical_input_dip,elliptical_dip_d0.400_sx2.500_sy1.500mm,0.8144489436325969,0.8762605772087809,0.13200729880443976,1.0000000084732756,1.0,0.09632867287503166,0.10567406206241886,"{""amplitude_dip_family"": ""elliptical_input_dip"", ""amplitude_dip_depth"": 0.4, ""amplitude_dip_sigma_x_mm"": 2.5, ""amplitude_dip_sigma_y_mm"": 1.5}"
47,2.8018449656140967,elliptical_input_dip,elliptical_dip_d0.500_sx3.000_sy3.000mm,0.754284182177682,0.8158993350407209,0.1724613510785868,1.0000000089794907,0.9999999842695647,0.08859648752879262,0.11943378771844593,"{""amplitude_dip_family"": ""elliptical_input_dip"", ""amplitude_dip_depth"": 0.5, ""amplitude_dip_sigma_x_mm"": 3.0, ""amplitude_dip_sigma_y_mm"": 3.0}"
48,2.8387679927733918,elliptical_input_dip,elliptical_dip_d0.400_sx2.000_sy1.500mm,0.7895076352900542,0.8343537690482304,0.1473915219021192,1.0000000078213265,0.9999999934547691,0.09640269968142666,0.12807690125384405,"{""amplitude_dip_family"": ""elliptical_input_dip"", ""amplitude_dip_depth"": 0.4, ""amplitude_dip_sigma_x_mm"": 2.0, ""amplitude_dip_sigma_y_mm"": 1.5}"
49,2.847693381862039,elliptical_input_dip,elliptical_dip_d0.400_sx3.000_sy2.400mm,0.8116535106912889,0.877387656419192,0.12580049619044975,1.0000000039109713,0.9999999986128758,0.09370296750085617,0.09110252797255305,"{""amplitude_dip_family"": ""elliptical_input_dip"", ""amplitude_dip_depth"": 0.4, ""amplitude_dip_sigma_x_mm"": 3.0, ""amplitude_dip_sigma_y_mm"": 2.4}"
50,2.856261657738116,elliptical_input_dip,elliptical_dip_d0.500_sx2.500_sy1.800mm,0.7302253918156845,0.8155227136694446,0.18760369159575416,1.0000000096285506,0.9999999898731035,0.09317887601601654,0.13179076911778112,"{""amplitude_dip_family"": ""elliptical_input_dip"", ""amplitude_dip_depth"": 0.5, ""amplitude_dip_sigma_x_mm"": 2.5, ""amplitude_dip_sigma_y_mm"": 1.8}"
51,2.8585944418017575,elliptical_input_dip,elliptical_dip_d0.600_sx6.000_sy1.200mm,0.8486053585672051,0.9593195318615337,0.19586340358092544,1.0000000146801107,1.000000001972998,0.10911383442677812,0.11719853595018632,"{""amplitude_dip_family"": ""elliptical_input_dip"", ""amplitude_dip_depth"": 0.6000000000000001, ""amplitude_dip_sigma_x_mm"": 6.0, ""amplitude_dip_sigma_y_mm"": 1.2}"
52,2.8669672793355514,elliptical_input_dip,elliptical_dip_d0.500_sx6.000_sy1.500mm,0.8274140986006634,0.9611286177459818,0.1606264469356162,1.00000001562473,0.9999999979597917,0.10524802751751404,0.07300608885003065,"{""amplitude_dip_family"": ""elliptical_input_dip"", ""amplitude_dip_depth"": 0.5, ""amplitude_dip_sigma_x_mm"": 6.0, ""amplitude_dip_sigma_y_mm"": 1.5}"
53,2.8728230126623924,elliptical_input_dip,elliptical_dip_d0.500_sx2.000_sy1.200mm,0.7924961656726128,0.8192373797424551,0.1705195929911041,1.0000000104048135,0.9999999910075592,0.09983446024059878,0.16199267647165363,"{""amplitude_dip_family"": ""elliptical_input_dip"", ""amplitude_dip_depth"": 0.5, ""amplitude_dip_sigma_x_mm"": 2.0, ""amplitude_dip_sigma_y_mm"": 1.2}"
54,2.8933985517977443,elliptical_input_dip,elliptical_dip_d0.700_sx2.500_sy1.200mm,0.7576601854785391,0.8011027771498821,0.24362012380728135,1.0000000230378316,0.9999999996250689,0.09245245619210114,0.2085391143459828,"{""amplitude_dip_family"": ""elliptical_input_dip"", ""amplitude_dip_depth"": 0.7000000000000001, ""amplitude_dip_sigma_x_mm"": 2.5, ""amplitude_dip_sigma_y_mm"": 1.2}"
55,2.89367788079275,elliptical_input_dip,elliptical_dip_d0.900_sx4.000_sy1.200mm,0.8078784274546831,0.8733720907606477,0.34904740673594686,1.000000031849743,0.9999999965621423,0.09868140214819902,0.25557448792651355,"{""amplitude_dip_family"": ""elliptical_input_dip"", ""amplitude_dip_depth"": 0.9, ""amplitude_dip_sigma_x_mm"": 4.0, ""amplitude_dip_sigma_y_mm"": 1.2}"
56,2.938647020953271,elliptical_input_dip,elliptical_dip_d0.700_sx6.000_sy2.100mm,0.6713801243143044,0.9140081629323594,0.27351324091184515,1.0000000355647407,0.9999999993551549,0.1673084425340144,0.10441635949060968,"{""amplitude_dip_family"": ""elliptical_input_dip"", ""amplitude_dip_depth"": 0.7000000000000001, ""amplitude_dip_sigma_x_mm"": 6.0, ""amplitude_dip_sigma_y_mm"": 2.1}"
57,2.9742296543370155,elliptical_input_dip,elliptical_dip_d0.400_sx2.500_sy3.000mm,0.7951015995657753,0.8268937537486666,0.14584287303876872,1.0000000063285566,0.9999999908347008,0.09571749516128741,0.11942083305259142,"{""amplitude_dip_family"": ""elliptical_input_dip"", ""amplitude_dip_depth"": 0.4, ""amplitude_dip_sigma_x_mm"": 2.5, ""amplitude_dip_sigma_y_mm"": 3.0}"
58,2.9744682180418804,elliptical_input_dip,elliptical_dip_d0.400_sx2.000_sy1.800mm,0.7658067246208866,0.8148099251363289,0.15899145809147203,1.00000000706296,0.9999999867830816,0.09403359032070394,0.13081853884886568,"{""amplitude_dip_family"": ""elliptical_input_dip"", ""amplitude_dip_depth"": 0.4, ""amplitude_dip_sigma_x_mm"": 2.0, ""amplitude_dip_sigma_y_mm"": 1.8}"
59,2.9745533265070865,elliptical_input_dip,elliptical_dip_d0.700_sx6.000_sy2.400mm,0.6672200364721255,0.9041470722730669,0.2627416329316116,1.0000000179595638,0.9999999943519763,0.1668876584216688,0.10078936154694491,"{""amplitude_dip_family"": ""elliptical_input_dip"", ""amplitude_dip_depth"": 0.7000000000000001, ""amplitude_dip_sigma_x_mm"": 6.0, ""amplitude_dip_sigma_y_mm"": 2.4}"
60,3.054547755616264,elliptical_input_dip,elliptical_dip_d0.400_sx3.000_sy1.500mm,0.8314786189952541,0.9056380505643804,0.12387480649079474,1.000000006769245,0.999999991860153,0.09989559046028894,0.09347483662468396,"{""amplitude_dip_family"": ""elliptical_input_dip"", ""amplitude_dip_depth"": 0.4, ""amplitude_dip_sigma_x_mm"": 3.0, ""amplitude_dip_sigma_y_mm"": 1.5}"
61,3.0848632833916234,elliptical_input_dip,elliptical_dip_d0.400_sx3.000_sy3.000mm,0.8225947843614441,0.8671533099385919,0.12218794761661585,1.000000003289754,0.9999999986511096,0.09830387747638553,0.1001862960816508,"{""amplitude_dip_family"": ""elliptical_input_dip"", ""amplitude_dip_depth"": 0.4, ""amplitude_dip_sigma_x_mm"": 3.0, ""amplitude_dip_sigma_y_mm"": 3.0}"
62,3.1932918029203687,elliptical_input_dip,elliptical_dip_d0.500_sx4.000_sy1.200mm,0.855371967401799,0.9347723686099064,0.14883382778121215,1.0000000151405641,1.0000000026195877,0.10920193315614013,0.11117529082210943,"{""amplitude_dip_family"": ""elliptical_input_dip"", ""amplitude_dip_depth"": 0.5, ""amplitude_dip_sigma_x_mm"": 4.0, ""amplitude_dip_sigma_y_mm"": 1.2}"
63,3.1997992304846363,elliptical_input_dip,elliptical_dip_d0.600_sx3.000_sy1.800mm,0.6897607531166433,0.8167585213755493,0.22619682019769116,1.0000000129952047,0.9999999932133025,0.11425213469663828,0.14233786695964226,"{""amplitude_dip_family"": ""elliptical_input_dip"", ""amplitude_dip_depth"": 0.6000000000000001, ""amplitude_dip_sigma_x_mm"": 3.0, ""amplitude_dip_sigma_y_mm"": 1.8}"
64,3.202105856751324,elliptical_input_dip,elliptical_dip_d0.400_sx2.000_sy1.200mm,0.8332956287764984,0.8587172528482941,0.13058953174661903,1.000000011110291,0.9999999917252791,0.11049746942480372,0.1344213459750984,"{""amplitude_dip_family"": ""elliptical_input_dip"", ""amplitude_dip_depth"": 0.4, ""amplitude_dip_sigma_x_mm"": 2.0, ""amplitude_dip_sigma_y_mm"": 1.2}"
65,3.207976325358652,elliptical_input_dip,elliptical_dip_d0.400_sx2.000_sy2.100mm,0.755255367037515,0.7994909761962922,0.16689783824208715,1.0,0.9999999984905507,0.09529239934660579,0.13667970182415143,"{""amplitude_dip_family"": ""elliptical_input_dip"", ""amplitude_dip_depth"": 0.4, ""amplitude_dip_sigma_x_mm"": 2.0, ""amplitude_dip_sigma_y_mm"": 2.1}"
66,3.288841084126134,elliptical_input_dip,elliptical_dip_d0.500_sx2.500_sy2.100mm,0.7166756841619835,0.7976669708540187,0.19465022287926753,1.0000000142811787,0.9999999921582138,0.09614752223188656,0.1378993351820093,"{""amplitude_dip_family"": ""elliptical_input_dip"", ""amplitude_dip_depth"": 0.5, ""amplitude_dip_sigma_x_mm"": 2.5, ""amplitude_dip_sigma_y_mm"": 2.1}"
67,3.3146666387026595,elliptical_input_dip,elliptical_dip_d0.500_sx6.000_sy3.000mm,0.8332302755870655,0.9423460669216851,0.11866353607695522,1.000000007783158,0.9999999996997003,0.10219956616273045,0.062228126962750985,"{""amplitude_dip_family"": ""elliptical_input_dip"", ""amplitude_dip_depth"": 0.5, ""amplitude_dip_sigma_x_mm"": 6.0, ""amplitude_dip_sigma_y_mm"": 3.0}"
68,3.315658939208355,elliptical_input_dip,elliptical_dip_d0.400_sx4.000_sy1.800mm,0.8375427389436079,0.9336953914121705,0.11836127734701152,1.000000007038016,1.000000005403688,0.1020728065141575,0.07443775408541771,"{""amplitude_dip_family"": ""elliptical_input_dip"", ""amplitude_dip_depth"": 0.4, ""amplitude_dip_sigma_x_mm"": 4.0, ""amplitude_dip_sigma_y_mm"": 1.8}"
69,3.316308295401322,elliptical_input_dip,elliptical_dip_d0.300_sx2.000_sy2.100mm,0.8261106519404564,0.8576550366360275,0.1159901662840728,1.000000005081275,0.9999999993033392,0.10724098789000572,0.11117786522979642,"{""amplitude_dip_family"": ""elliptical_input_dip"", ""amplitude_dip_depth"": 0.3, ""amplitude_dip_sigma_x_mm"": 2.0, ""amplitude_dip_sigma_y_mm"": 2.1}"
70,3.3167796314188163,elliptical_input_dip,elliptical_dip_d0.300_sx1.500_sy1.800mm,0.8001724531228517,0.8201094070005711,0.13381870068582655,0.9999999980185331,0.9999999943465508,0.11175616812721796,0.1337717626772071,"{""amplitude_dip_family"": ""elliptical_input_dip"", ""amplitude_dip_depth"": 0.3, ""amplitude_dip_sigma_x_mm"": 1.5, ""amplitude_dip_sigma_y_mm"": 1.8}"
71,3.3228314559321896,elliptical_input_dip,elliptical_dip_d0.400_sx4.000_sy2.100mm,0.8357467341016541,0.927845218492615,0.11420453510967074,1.0000000070903223,0.9999999987150643,0.10105200633237157,0.07325401963997363,"{""amplitude_dip_family"": ""elliptical_input_dip"", ""amplitude_dip_depth"": 0.4, ""amplitude_dip_sigma_x_mm"": 4.0, ""amplitude_dip_sigma_y_mm"": 2.1}"
72,3.3284962237329325,elliptical_input_dip,elliptical_dip_d0.800_sx4.000_sy1.500mm,0.6833569209324437,0.8518895278710563,0.32372365153218347,1.0000000303069627,0.999999992522221,0.13903839830145726,0.19114618239895262,"{""amplitude_dip_family"": ""elliptical_input_dip"", ""amplitude_dip_depth"": 0.8, ""amplitude_dip_sigma_x_mm"": 4.0, ""amplitude_dip_sigma_y_mm"": 1.5}"
73,3.3332956615546037,elliptical_input_dip,elliptical_dip_d0.300_sx2.000_sy2.400mm,0.8253661463895874,0.8499573272074319,0.11898162759707367,0.9999999985800971,0.9999999962373977,0.10866154875607374,0.11502121262681536,"{""amplitude_dip_family"": ""elliptical_input_dip"", ""amplitude_dip_depth"": 0.3, ""amplitude_dip_sigma_x_mm"": 2.0, ""amplitude_dip_sigma_y_mm"": 2.4}"
74,3.3409000775428783,elliptical_input_dip,elliptical_dip_d0.600_sx2.500_sy1.500mm,0.7076809950765192,0.7962174294981061,0.2249988465654426,1.0000000190652385,0.9999999926105317,0.10087736767573184,0.16782987165793398,"{""amplitude_dip_family"": ""elliptical_input_dip"", ""amplitude_dip_depth"": 0.6000000000000001, ""amplitude_dip_sigma_x_mm"": 2.5, ""amplitude_dip_sigma_y_mm"": 1.5}"
75,3.368909238296634,elliptical_input_dip,elliptical_dip_d0.400_sx1.500_sy1.200mm,0.805060006962895,0.8092265094812149,0.14950268641695424,1.0000000027664118,0.9999999996516938,0.11403058470660721,0.16213755772142388,"{""amplitude_dip_family"": ""elliptical_input_dip"", ""amplitude_dip_depth"": 0.4, ""amplitude_dip_sigma_x_mm"": 1.5, ""amplitude_dip_sigma_y_mm"": 1.2}"
76,3.3773977370980375,elliptical_input_dip,elliptical_dip_d0.300_sx2.000_sy1.800mm,0.8317036248413103,0.8676182870011028,0.11159045941190164,1.0000000021530056,0.9999999862215689,0.10801253730220998,0.1088468438858466,"{""amplitude_dip_family"": ""elliptical_input_dip"", ""amplitude_dip_depth"": 0.3, ""amplitude_dip_sigma_x_mm"": 2.0, ""amplitude_dip_sigma_y_mm"": 1.8}"
77,3.378398119614595,elliptical_input_dip,elliptical_dip_d0.700_sx4.000_sy1.800mm,0.6613327997270123,0.8516329188131427,0.2744927866517396,1.0000000270653082,0.9999999939320212,0.15100484972653683,0.14496472891594595,"{""amplitude_dip_family"": ""elliptical_input_dip"", ""amplitude_dip_depth"": 0.7000000000000001, ""amplitude_dip_sigma_x_mm"": 4.0, ""amplitude_dip_sigma_y_mm"": 1.8}"
78,3.3814728015459616,elliptical_input_dip,elliptical_dip_d0.300_sx1.500_sy1.500mm,0.8191927173538245,0.8371150808137554,0.1230368032237538,1.0000000024774895,0.9999999957891023,0.11511796396308112,0.1312200581439994,"{""amplitude_dip_family"": ""elliptical_input_dip"", ""amplitude_dip_depth"": 0.3, ""amplitude_dip_sigma_x_mm"": 1.5, ""amplitude_dip_sigma_y_mm"": 1.5}"
79,3.390022008063171,elliptical_input_dip,elliptical_dip_d0.300_sx1.500_sy2.100mm,0.7908506441870436,0.8070130581855451,0.14168048734653813,1.0000000032565644,0.9999999935692045,0.11243960478199702,0.13886968307496358,"{""amplitude_dip_family"": ""elliptical_input_dip"", ""amplitude_dip_depth"": 0.3, ""amplitude_dip_sigma_x_mm"": 1.5, ""amplitude_dip_sigma_y_mm"": 2.1}"
80,3.41520593916073,elliptical_input_dip,elliptical_dip_d0.400_sx2.000_sy2.400mm,0.7520825870564521,0.7875621439598691,0.17256198079271984,1.0000000070039412,0.9999999877447622,0.09752348004004861,0.14300612140425512,"{""amplitude_dip_family"": ""elliptical_input_dip"", ""amplitude_dip_depth"": 0.4, ""amplitude_dip_sigma_x_mm"": 2.0, ""amplitude_dip_sigma_y_mm"": 2.4}"
81,3.41989689381173,elliptical_input_dip,elliptical_dip_d0.900_sx6.000_sy1.200mm,0.8346853811223636,0.9362010996754221,0.3668137653952671,1.0000000359523153,0.9999999990391212,0.1073608096283942,0.23677925080546872,"{""amplitude_dip_family"": ""elliptical_input_dip"", ""amplitude_dip_depth"": 0.9, ""amplitude_dip_sigma_x_mm"": 6.0, ""amplitude_dip_sigma_y_mm"": 1.2}"
82,3.436224143260702,elliptical_input_dip,elliptical_dip_d0.600_sx2.000_sy1.200mm,0.7554041460931851,0.7789964401010877,0.21364531177877172,1.000000008299234,0.9999999930490429,0.0974362118793901,0.20002550021520288,"{""amplitude_dip_family"": ""elliptical_input_dip"", ""amplitude_dip_depth"": 0.6000000000000001, ""amplitude_dip_sigma_x_mm"": 2.0, ""amplitude_dip_sigma_y_mm"": 1.2}"
83,3.437814349760353,elliptical_input_dip,elliptical_dip_d0.300_sx2.000_sy3.000mm,0.8294530248045581,0.8392982019645195,0.1230104296673271,1.000000003878489,0.9999999932567952,0.11374843038603069,0.12310913702184334,"{""amplitude_dip_family"": ""elliptical_input_dip"", ""amplitude_dip_depth"": 0.3, ""amplitude_dip_sigma_x_mm"": 2.0, ""amplitude_dip_sigma_y_mm"": 3.0}"
84,3.4513240702712387,elliptical_input_dip,elliptical_dip_d0.500_sx2.000_sy1.500mm,0.7311371229612771,0.7851791885027117,0.19499988086294356,1.0000000186142497,0.9999999885457176,0.09597992996411292,0.16360837279412346,"{""amplitude_dip_family"": ""elliptical_input_dip"", ""amplitude_dip_depth"": 0.5, ""amplitude_dip_sigma_x_mm"": 2.0, ""amplitude_dip_sigma_y_mm"": 1.5}"
85,3.4522177975847126,elliptical_input_dip,elliptical_dip_d0.400_sx4.000_sy2.400mm,0.8402005069806527,0.923237089145053,0.10837641498563388,1.0000000094566501,1.000000001249866,0.10212909272248641,0.07616544817449634,"{""amplitude_dip_family"": ""elliptical_input_dip"", ""amplitude_dip_depth"": 0.4, ""amplitude_dip_sigma_x_mm"": 4.0, ""amplitude_dip_sigma_y_mm"": 2.4}"
86,3.4719004372199973,elliptical_input_dip,elliptical_dip_d0.400_sx2.500_sy1.200mm,0.8540091006153624,0.8948771555239731,0.11960150531050527,1.0000000106181972,0.9999999986851765,0.112682995748308,0.11940994289311367,"{""amplitude_dip_family"": ""elliptical_input_dip"", ""amplitude_dip_depth"": 0.4, ""amplitude_dip_sigma_x_mm"": 2.5, ""amplitude_dip_sigma_y_mm"": 1.2}"
87,3.4963470025162953,elliptical_input_dip,elliptical_dip_d0.300_sx1.500_sy2.400mm,0.7869946303703961,0.796934588420757,0.1475802623734288,1.0000000102609718,0.9999999947012972,0.11469670009969198,0.14439228520668812,"{""amplitude_dip_family"": ""elliptical_input_dip"", ""amplitude_dip_depth"": 0.3, ""amplitude_dip_sigma_x_mm"": 1.5, ""amplitude_dip_sigma_y_mm"": 2.4}"
88,3.516723984493042,elliptical_input_dip,elliptical_dip_d0.700_sx3.000_sy1.500mm,0.6847035043326515,0.8068732731655084,0.26719405261785967,1.0000000222344343,0.9999999872315254,0.11871415847163191,0.18252406827853782,"{""amplitude_dip_family"": ""elliptical_input_dip"", ""amplitude_dip_depth"": 0.7000000000000001, ""amplitude_dip_sigma_x_mm"": 3.0, ""amplitude_dip_sigma_y_mm"": 1.5}"
89,3.563283691015671,elliptical_input_dip,elliptical_dip_d0.400_sx4.000_sy1.500mm,0.851480948437332,0.9410429107196466,0.11840698460043277,1.0000000058346463,0.9999999942982566,0.10715375813504027,0.08367620941942723,"{""amplitude_dip_family"": ""elliptical_input_dip"", ""amplitude_dip_depth"": 0.4, ""amplitude_dip_sigma_x_mm"": 4.0, ""amplitude_dip_sigma_y_mm"": 1.5}"
90,3.5888616698290474,elliptical_input_dip,elliptical_dip_d0.500_sx2.500_sy2.400mm,0.7131697142927154,0.7834989778882442,0.19902520848789168,1.000000003108031,0.9999999972343261,0.0970104061205956,0.1443215232690683,"{""amplitude_dip_family"": ""elliptical_input_dip"", ""amplitude_dip_depth"": 0.5, ""amplitude_dip_sigma_x_mm"": 2.5, ""amplitude_dip_sigma_y_mm"": 2.4}"
91,3.616036773052317,elliptical_input_dip,elliptical_dip_d0.300_sx2.000_sy1.500mm,0.8463642073337371,0.8804800265382176,0.1046679026756366,1.0000000077300348,0.9999999898493304,0.1134293657079279,0.11063413462234817,"{""amplitude_dip_family"": ""elliptical_input_dip"", ""amplitude_dip_depth"": 0.3, ""amplitude_dip_sigma_x_mm"": 2.0, ""amplitude_dip_sigma_y_mm"": 1.5}"
92,3.6182798778578324,elliptical_input_dip,elliptical_dip_d0.900_sx3.000_sy1.200mm,0.7748124233854025,0.8012574193263126,0.3404843224151503,1.0000000278026604,0.9999999964879643,0.09456057267707725,0.28292512092028943,"{""amplitude_dip_family"": ""elliptical_input_dip"", ""amplitude_dip_depth"": 0.9, ""amplitude_dip_sigma_x_mm"": 3.0, ""amplitude_dip_sigma_y_mm"": 1.2}"
93,3.665098552869828,elliptical_input_dip,elliptical_dip_d0.400_sx1.500_sy1.500mm,0.7552000290858971,0.7778352913717513,0.17182516243977786,1.0000000043140547,0.9999999868755851,0.10680289879078894,0.16583906188705166,"{""amplitude_dip_family"": ""elliptical_input_dip"", ""amplitude_dip_depth"": 0.4, ""amplitude_dip_sigma_x_mm"": 1.5, ""amplitude_dip_sigma_y_mm"": 1.5}"
94,3.6924587271046407,elliptical_input_dip,elliptical_dip_d0.300_sx1.500_sy3.000mm,0.7864158144371153,0.7830271899625734,0.1557966285409885,0.9999999980308728,0.9999999962009037,0.12020042754675132,0.15406759820085425,"{""amplitude_dip_family"": ""elliptical_input_dip"", ""amplitude_dip_depth"": 0.3, ""amplitude_dip_sigma_x_mm"": 1.5, ""amplitude_dip_sigma_y_mm"": 3.0}"
95,3.714254299783489,elliptical_input_dip,elliptical_dip_d0.400_sx2.000_sy3.000mm,0.7549774783471661,0.7709341986498958,0.18039871655408454,1.000000001881513,0.999999995060542,0.10284072122813606,0.15418325895662222,"{""amplitude_dip_family"": ""elliptical_input_dip"", ""amplitude_dip_depth"": 0.4, ""amplitude_dip_sigma_x_mm"": 2.0, ""amplitude_dip_sigma_y_mm"": 3.0}"
96,3.7184090051112277,elliptical_input_dip,elliptical_dip_d0.300_sx1.000_sy1.500mm,0.7955324685155314,0.7917753545013692,0.14300218707311257,1.0000000040353734,0.9999999930191001,0.12450582427942086,0.1631423292380817,"{""amplitude_dip_family"": ""elliptical_input_dip"", ""amplitude_dip_depth"": 0.3, ""amplitude_dip_sigma_x_mm"": 1.0, ""amplitude_dip_sigma_y_mm"": 1.5}"
97,3.725860290837921,elliptical_input_dip,elliptical_dip_d0.300_sx2.500_sy2.100mm,0.8505646915071838,0.8944756395795352,0.09837318186464628,1.0000000032423484,0.999999990713439,0.11025906409207152,0.09802276874465711,"{""amplitude_dip_family"": ""elliptical_input_dip"", ""amplitude_dip_depth"": 0.3, ""amplitude_dip_sigma_x_mm"": 2.5, ""amplitude_dip_sigma_y_mm"": 2.1}"
98,3.7497538124046885,elliptical_input_dip,elliptical_dip_d0.500_sx6.000_sy1.200mm,0.872318479012765,0.9675295589854691,0.15173718460926985,1.00000001436086,0.999999997980014,0.11703266628644314,0.10424152651297572,"{""amplitude_dip_family"": ""elliptical_input_dip"", ""amplitude_dip_depth"": 0.5, ""amplitude_dip_sigma_x_mm"": 6.0, ""amplitude_dip_sigma_y_mm"": 1.2}"
99,3.749840568870286,elliptical_input_dip,elliptical_dip_d0.300_sx2.500_sy2.400mm,0.8518666355012012,0.8886616217872488,0.09868072292131484,1.000000001348612,0.9999999912356454,0.11178617018798866,0.10112623568760325,"{""amplitude_dip_family"": ""elliptical_input_dip"", ""amplitude_dip_depth"": 0.3, ""amplitude_dip_sigma_x_mm"": 2.5, ""amplitude_dip_sigma_y_mm"": 2.4}"
100,3.7892023842205016,elliptical_input_dip,elliptical_dip_d0.300_sx2.500_sy1.800mm,0.8537103480848617,0.9019829125945025,0.09701245388429311,1.0000000045543531,1.000000001440154,0.11108584096785866,0.09712760747985509,"{""amplitude_dip_family"": ""elliptical_input_dip"", ""amplitude_dip_depth"": 0.3, ""amplitude_dip_sigma_x_mm"": 2.5, ""amplitude_dip_sigma_y_mm"": 1.8}"
101,3.795871282850311,elliptical_input_dip,elliptical_dip_d0.400_sx3.000_sy1.200mm,0.8681556568636368,0.9199864771581828,0.1143843871711399,1.0000000057670606,0.9999999953961981,0.11644269541918834,0.11179829123823501,"{""amplitude_dip_family"": ""elliptical_input_dip"", ""amplitude_dip_depth"": 0.4, ""amplitude_dip_sigma_x_mm"": 3.0, ""amplitude_dip_sigma_y_mm"": 1.2}"
102,3.8088468759294254,elliptical_input_dip,elliptical_dip_d0.300_sx1.500_sy1.200mm,0.8532692020926835,0.8588880147292305,0.10827701936662201,0.999999999502409,0.9999999958502237,0.12733015908035017,0.13547760964934616,"{""amplitude_dip_family"": ""elliptical_input_dip"", ""amplitude_dip_depth"": 0.3, ""amplitude_dip_sigma_x_mm"": 1.5, ""amplitude_dip_sigma_y_mm"": 1.2}"
103,3.8160794552682447,elliptical_input_dip,elliptical_dip_d0.300_sx1.000_sy1.200mm,0.8360360652956255,0.8188054687276705,0.12476900959597809,1.0000000044489277,0.9999999960976047,0.1310731228424833,0.16087265891952923,"{""amplitude_dip_family"": ""elliptical_input_dip"", ""amplitude_dip_depth"": 0.3, ""amplitude_dip_sigma_x_mm"": 1.0, ""amplitude_dip_sigma_y_mm"": 1.2}"
104,3.817780403276746,elliptical_input_dip,elliptical_dip_d0.400_sx4.000_sy3.000mm,0.8550938368017187,0.9167423938539165,0.09710385905649162,1.0000000051939277,0.9999999938512236,0.1081276184247049,0.08612710378839608,"{""amplitude_dip_family"": ""elliptical_input_dip"", ""amplitude_dip_depth"": 0.4, ""amplitude_dip_sigma_x_mm"": 4.0, ""amplitude_dip_sigma_y_mm"": 3.0}"
105,3.8419667786855247,elliptical_input_dip,elliptical_dip_d0.800_sx2.500_sy1.200mm,0.7427393180840909,0.7706790720394567,0.2920040133692076,1.0000000250004493,0.9999999817242885,0.09532220770497898,0.2557015712911073,"{""amplitude_dip_family"": ""elliptical_input_dip"", ""amplitude_dip_depth"": 0.8, ""amplitude_dip_sigma_x_mm"": 2.5, ""amplitude_dip_sigma_y_mm"": 1.2}"
106,3.880151810455349,elliptical_input_dip,elliptical_dip_d0.600_sx3.000_sy2.100mm,0.6700531242069642,0.7955015444065497,0.23258186497132696,1.0000000166914835,0.9999999949058234,0.12203374298525099,0.14915595502115475,"{""amplitude_dip_family"": ""elliptical_input_dip"", ""amplitude_dip_depth"": 0.6000000000000001, ""amplitude_dip_sigma_x_mm"": 3.0, ""amplitude_dip_sigma_y_mm"": 2.1}"
107,3.8811248185660783,elliptical_input_dip,elliptical_dip_d0.300_sx2.500_sy3.000mm,0.8590328665809442,0.8805939299838137,0.09865429411424484,0.9999999972894676,0.9999999959853386,0.117427304797633,0.10881247307178814,"{""amplitude_dip_family"": ""elliptical_input_dip"", ""amplitude_dip_depth"": 0.3, ""amplitude_dip_sigma_x_mm"": 2.5, ""amplitude_dip_sigma_y_mm"": 3.0}"
108,3.9052358926484994,elliptical_input_dip,elliptical_dip_d0.400_sx6.000_sy1.800mm,0.8566943755848528,0.9675606670876777,0.11630224239892535,1.0000000102118587,0.9999999999395793,0.11073345638202498,0.07042294974266261,"{""amplitude_dip_family"": ""elliptical_input_dip"", ""amplitude_dip_depth"": 0.4, ""amplitude_dip_sigma_x_mm"": 6.0, ""amplitude_dip_sigma_y_mm"": 1.8}"
109,3.941366470829107,elliptical_input_dip,elliptical_dip_d0.500_sx2.500_sy3.000mm,0.7189463562483577,0.7634025473705918,0.20460720334399377,1.0000000052997895,0.9999999871125396,0.09721313296749823,0.15568717755227982,"{""amplitude_dip_family"": ""elliptical_input_dip"", ""amplitude_dip_depth"": 0.5, ""amplitude_dip_sigma_x_mm"": 2.5, ""amplitude_dip_sigma_y_mm"": 3.0}"
110,3.946457140839726,elliptical_input_dip,elliptical_dip_d0.300_sx1.000_sy1.800mm,0.770430515838995,0.7709156208677315,0.15701097471035713,1.0000000048141022,0.999999989326637,0.12570633640807571,0.17025825601412165,"{""amplitude_dip_family"": ""elliptical_input_dip"", ""amplitude_dip_depth"": 0.3, ""amplitude_dip_sigma_x_mm"": 1.0, ""amplitude_dip_sigma_y_mm"": 1.8}"
111,3.9774113822744916,elliptical_input_dip,elliptical_dip_d0.400_sx6.000_sy2.100mm,0.8573002961895193,0.9648085443816851,0.10948279351264156,1.00000000857638,1.000000001533577,0.1105187017330149,0.06940682997206282,"{""amplitude_dip_family"": ""elliptical_input_dip"", ""amplitude_dip_depth"": 0.4, ""amplitude_dip_sigma_x_mm"": 6.0, ""amplitude_dip_sigma_y_mm"": 2.1}"
112,3.9791282561589085,elliptical_input_dip,elliptical_dip_d0.500_sx1.500_sy1.200mm,0.7593162240627329,0.7590235515146944,0.19351556474694268,1.0000000041110348,0.9999999942118634,0.1096834071287314,0.20116927550269526,"{""amplitude_dip_family"": ""elliptical_input_dip"", ""amplitude_dip_depth"": 0.5, ""amplitude_dip_sigma_x_mm"": 1.5, ""amplitude_dip_sigma_y_mm"": 1.2}"
113,4.035911523273818,elliptical_input_dip,elliptical_dip_d0.300_sx2.500_sy1.500mm,0.8655098149317602,0.9116400188350661,0.09326947304580774,1.000000006984259,0.999999994453484,0.11665062231176872,0.10129891915428621,"{""amplitude_dip_family"": ""elliptical_input_dip"", ""amplitude_dip_depth"": 0.3, ""amplitude_dip_sigma_x_mm"": 2.5, ""amplitude_dip_sigma_y_mm"": 1.5}"
114,4.036973575143409,elliptical_input_dip,elliptical_dip_d0.900_sx6.000_sy1.500mm,0.7045457852545604,0.9138225149534075,0.40925860835622513,1.0000000447593225,0.9999999999276761,0.1496728105980659,0.2137196076535848,"{""amplitude_dip_family"": ""elliptical_input_dip"", ""amplitude_dip_depth"": 0.9, ""amplitude_dip_sigma_x_mm"": 6.0, ""amplitude_dip_sigma_y_mm"": 1.5}"
115,4.0849361077360005,elliptical_input_dip,elliptical_dip_d0.400_sx6.000_sy1.500mm,0.8679753849685002,0.9710186503117125,0.11848700412874585,1.0000000088394854,1.0000000060104153,0.11495206333185375,0.08033159746810224,"{""amplitude_dip_family"": ""elliptical_input_dip"", ""amplitude_dip_depth"": 0.4, ""amplitude_dip_sigma_x_mm"": 6.0, ""amplitude_dip_sigma_y_mm"": 1.5}"
116,4.138681822307451,elliptical_input_dip,elliptical_dip_d0.400_sx1.000_sy1.200mm,0.7859539674387968,0.7592825595893561,0.17037620057949804,1.0000000079472375,0.999999995868693,0.12275745358922549,0.1998297048741666,"{""amplitude_dip_family"": ""elliptical_input_dip"", ""amplitude_dip_depth"": 0.4, ""amplitude_dip_sigma_x_mm"": 1.0, ""amplitude_dip_sigma_y_mm"": 1.2}"
117,4.154442714333102,elliptical_input_dip,elliptical_dip_d0.300_sx3.000_sy2.100mm,0.866963250818731,0.9199912060316924,0.0877341492024629,0.9999999965317069,0.9999999951102223,0.11507117485313582,0.09290910726845962,"{""amplitude_dip_family"": ""elliptical_input_dip"", ""amplitude_dip_depth"": 0.3, ""amplitude_dip_sigma_x_mm"": 3.0, ""amplitude_dip_sigma_y_mm"": 2.1}"
118,4.173622811984012,elliptical_input_dip,elliptical_dip_d0.400_sx6.000_sy2.400mm,0.8638589509560999,0.9626408290627392,0.10067399923227939,1.0000000086118093,0.9999999977842376,0.1124686855721773,0.07302524888369775,"{""amplitude_dip_family"": ""elliptical_input_dip"", ""amplitude_dip_depth"": 0.4, ""amplitude_dip_sigma_x_mm"": 6.0, ""amplitude_dip_sigma_y_mm"": 2.4}"
119,4.18261472013305,elliptical_input_dip,elliptical_dip_d0.300_sx3.000_sy1.800mm,0.8684857866390664,0.9257173224298806,0.08868273691822966,1.0000000079990983,1.000000002807207,0.11553675575363957,0.09252047438935557,"{""amplitude_dip_family"": ""elliptical_input_dip"", ""amplitude_dip_depth"": 0.3, ""amplitude_dip_sigma_x_mm"": 3.0, ""amplitude_dip_sigma_y_mm"": 1.8}"
120,4.19905006984222,elliptical_input_dip,elliptical_dip_d0.300_sx2.000_sy1.200mm,0.8755493637579688,0.8968032296496823,0.0938797138502277,1.000000004678526,0.9999999981184459,0.12796236509819237,0.12087536624797528,"{""amplitude_dip_family"": ""elliptical_input_dip"", ""amplitude_dip_depth"": 0.3, ""amplitude_dip_sigma_x_mm"": 2.0, ""amplitude_dip_sigma_y_mm"": 1.2}"
121,4.2133358221389745,elliptical_input_dip,elliptical_dip_d0.300_sx3.000_sy2.400mm,0.8696250626146794,0.9155509701276074,0.08587714432216932,1.0000000009143106,1.0000000041421537,0.11696140380563944,0.09585287054821752,"{""amplitude_dip_family"": ""elliptical_input_dip"", ""amplitude_dip_depth"": 0.3, ""amplitude_dip_sigma_x_mm"": 3.0, ""amplitude_dip_sigma_y_mm"": 2.4}"
122,4.222629086578646,elliptical_input_dip,elliptical_dip_d0.700_sx4.000_sy2.100mm,0.6329389643252199,0.8298814560952789,0.2778349562452997,1.000000019298978,0.9999999907290404,0.16700159822462202,0.1505275340086357,"{""amplitude_dip_family"": ""elliptical_input_dip"", ""amplitude_dip_depth"": 0.7000000000000001, ""amplitude_dip_sigma_x_mm"": 4.0, ""amplitude_dip_sigma_y_mm"": 2.1}"
123,4.229005042921235,elliptical_input_dip,elliptical_dip_d0.300_sx1.000_sy2.100mm,0.7557744113109977,0.7549712913800495,0.1676591118035791,0.9999999962036202,0.9999999857453797,0.12958355378055345,0.17843854852751062,"{""amplitude_dip_family"": ""elliptical_input_dip"", ""amplitude_dip_depth"": 0.3, ""amplitude_dip_sigma_x_mm"": 1.0, ""amplitude_dip_sigma_y_mm"": 2.1}"
124,4.241687159478904,elliptical_input_dip,elliptical_dip_d0.400_sx1.500_sy1.800mm,0.7258744602671922,0.7530370844159098,0.1887742587463901,1.0000000027501972,0.9999999907114444,0.11032337236613429,0.175465672779692,"{""amplitude_dip_family"": ""elliptical_input_dip"", ""amplitude_dip_depth"": 0.4, ""amplitude_dip_sigma_x_mm"": 1.5, ""amplitude_dip_sigma_y_mm"": 1.8}"
125,4.269136702068503,elliptical_input_dip,elliptical_dip_d0.400_sx4.000_sy1.200mm,0.8847503169901285,0.9500091308548336,0.1117592479912081,1.0000000089702432,0.9999999967254555,0.12285416591358315,0.10598130746502758,"{""amplitude_dip_family"": ""elliptical_input_dip"", ""amplitude_dip_depth"": 0.4, ""amplitude_dip_sigma_x_mm"": 4.0, ""amplitude_dip_sigma_y_mm"": 1.2}"
126,4.281039135041085,elliptical_input_dip,elliptical_dip_d0.600_sx3.000_sy2.400mm,0.6640176364761662,0.7781576316018852,0.23534651312530075,1.0000000184707891,0.9999999929289676,0.12242128361599021,0.15552469590578047,"{""amplitude_dip_family"": ""elliptical_input_dip"", ""amplitude_dip_depth"": 0.6000000000000001, ""amplitude_dip_sigma_x_mm"": 3.0, ""amplitude_dip_sigma_y_mm"": 2.4}"
127,4.306222995180795,elliptical_input_dip,elliptical_dip_d0.800_sx6.000_sy1.800mm,0.6383923583873062,0.9070434935746847,0.35327542770259657,1.0000000359568937,1.0000000033099508,0.19588727119001692,0.1575215155332923,"{""amplitude_dip_family"": ""elliptical_input_dip"", ""amplitude_dip_depth"": 0.8, ""amplitude_dip_sigma_x_mm"": 6.0, ""amplitude_dip_sigma_y_mm"": 1.8}"
128,4.3113873040382495,elliptical_input_dip,elliptical_dip_d0.500_sx2.000_sy1.800mm,0.6954057572297582,0.7572913302538758,0.2131484684556823,1.0000000032564882,0.9999999949616845,0.10467836362911526,0.17354273188095004,"{""amplitude_dip_family"": ""elliptical_input_dip"", ""amplitude_dip_depth"": 0.5, ""amplitude_dip_sigma_x_mm"": 2.0, ""amplitude_dip_sigma_y_mm"": 1.8}"
129,4.394106138231451,elliptical_input_dip,elliptical_dip_d0.300_sx3.000_sy1.500mm,0.8783911396962343,0.9330692517606498,0.08719708172257298,1.0000000034772047,1.0000000030545815,0.12068964730627005,0.09766926294017686,"{""amplitude_dip_family"": ""elliptical_input_dip"", ""amplitude_dip_depth"": 0.3, ""amplitude_dip_sigma_x_mm"": 3.0, ""amplitude_dip_sigma_y_mm"": 1.5}"
130,4.40531768234627,elliptical_input_dip,elliptical_dip_d0.300_sx3.000_sy3.000mm,0.878842144020473,0.9093828514743896,0.08235177934230688,1.000000009032484,0.999999993447058,0.12332283042601858,0.10370906555813132,"{""amplitude_dip_family"": ""elliptical_input_dip"", ""amplitude_dip_depth"": 0.3, ""amplitude_dip_sigma_x_mm"": 3.0, ""amplitude_dip_sigma_y_mm"": 3.0}"
131,4.478251111529805,elliptical_input_dip,elliptical_dip_d0.300_sx1.000_sy2.400mm,0.7474229530975004,0.742759170768083,0.17582601110472687,1.0000000011228671,0.9999999825430642,0.13388733220954563,0.1860560529998955,"{""amplitude_dip_family"": ""elliptical_input_dip"", ""amplitude_dip_depth"": 0.3, ""amplitude_dip_sigma_x_mm"": 1.0, ""amplitude_dip_sigma_y_mm"": 2.4}"
132,4.521535746769628,elliptical_input_dip,elliptical_dip_d0.700_sx2.000_sy1.200mm,0.725375596064886,0.7390245860211002,0.25973176468638837,1.000000020326557,0.9999999900195465,0.10146460407718545,0.24532644444145346,"{""amplitude_dip_family"": ""elliptical_input_dip"", ""amplitude_dip_depth"": 0.7000000000000001, ""amplitude_dip_sigma_x_mm"": 2.0, ""amplitude_dip_sigma_y_mm"": 1.2}"
133,4.585155633771045,elliptical_input_dip,elliptical_dip_d0.600_sx2.500_sy1.800mm,0.6616185787905964,0.7647808464047747,0.24402460492196426,1.0000000172573362,0.9999999852253956,0.12049939716127638,0.178371199244422,"{""amplitude_dip_family"": ""elliptical_input_dip"", ""amplitude_dip_depth"": 0.6000000000000001, ""amplitude_dip_sigma_x_mm"": 2.5, ""amplitude_dip_sigma_y_mm"": 1.8}"
134,4.590726741136363,elliptical_input_dip,elliptical_dip_d0.900_sx4.000_sy1.500mm,0.6724953352445213,0.8295667976682691,0.39190446851278893,1.0000000395733835,0.9999999933211571,0.14849114395862728,0.24742466636749966,"{""amplitude_dip_family"": ""elliptical_input_dip"", ""amplitude_dip_depth"": 0.9, ""amplitude_dip_sigma_x_mm"": 4.0, ""amplitude_dip_sigma_y_mm"": 1.5}"
135,4.612901426218905,elliptical_input_dip,elliptical_dip_d0.300_sx2.500_sy1.200mm,0.8914667346692976,0.9238319019872702,0.0855047634295948,0.9999999979939516,0.9999999946957693,0.13126019046999135,0.11472717892792564,"{""amplitude_dip_family"": ""elliptical_input_dip"", ""amplitude_dip_depth"": 0.3, ""amplitude_dip_sigma_x_mm"": 2.5, ""amplitude_dip_sigma_y_mm"": 1.2}"
136,4.638374449175885,elliptical_input_dip,elliptical_dip_d0.700_sx4.000_sy2.400mm,0.622837696624617,0.8112247826146334,0.27521091676300097,1.0000000228461747,0.999999994831549,0.16932063004709474,0.15465263930807022,"{""amplitude_dip_family"": ""elliptical_input_dip"", ""amplitude_dip_depth"": 0.7000000000000001, ""amplitude_dip_sigma_x_mm"": 4.0, ""amplitude_dip_sigma_y_mm"": 2.4}"
137,4.657790455618725,elliptical_input_dip,elliptical_dip_d0.600_sx3.000_sy3.000mm,0.67056134573328,0.7528685590139728,0.23737792572499927,1.0000000151687942,0.9999999854445518,0.11472767053501323,0.16591112319057807,"{""amplitude_dip_family"": ""elliptical_input_dip"", ""amplitude_dip_depth"": 0.6000000000000001, ""amplitude_dip_sigma_x_mm"": 3.0, ""amplitude_dip_sigma_y_mm"": 3.0}"
138,4.6710337967840365,elliptical_input_dip,elliptical_dip_d0.400_sx6.000_sy3.000mm,0.8820834875938758,0.9595848181642536,0.08317635702768737,1.0000000014716475,1.0000000040143657,0.1202153632857938,0.08477494661674165,"{""amplitude_dip_family"": ""elliptical_input_dip"", ""amplitude_dip_depth"": 0.4, ""amplitude_dip_sigma_x_mm"": 6.0, ""amplitude_dip_sigma_y_mm"": 3.0}"
139,4.705158423979046,elliptical_input_dip,elliptical_dip_d0.300_sx4.000_sy1.800mm,0.8856545953829873,0.9539783468924378,0.081948650942602,1.000000001178404,0.9999999898961268,0.12262865245932854,0.09094323745495325,"{""amplitude_dip_family"": ""elliptical_input_dip"", ""amplitude_dip_depth"": 0.3, ""amplitude_dip_sigma_x_mm"": 4.0, ""amplitude_dip_sigma_y_mm"": 1.8}"
140,4.708012177472665,elliptical_input_dip,elliptical_dip_d0.400_sx6.000_sy1.200mm,0.8984111409162042,0.9752428142466525,0.1132478201828757,1.0000000111903558,1.000000001860495,0.1293962614979938,0.10396106712741865,"{""amplitude_dip_family"": ""elliptical_input_dip"", ""amplitude_dip_depth"": 0.4, ""amplitude_dip_sigma_x_mm"": 6.0, ""amplitude_dip_sigma_y_mm"": 1.2}"
141,4.738435043785062,elliptical_input_dip,elliptical_dip_d0.300_sx4.000_sy2.100mm,0.8860135188282111,0.9504561883285118,0.07830218980193211,1.00000000661525,0.9999999995852445,0.12287930537559395,0.09138388132169224,"{""amplitude_dip_family"": ""elliptical_input_dip"", ""amplitude_dip_depth"": 0.3, ""amplitude_dip_sigma_x_mm"": 4.0, ""amplitude_dip_sigma_y_mm"": 2.1}"
142,4.738623911020512,elliptical_input_dip,elliptical_dip_d0.400_sx1.500_sy2.100mm,0.7103136898786763,0.733812164067757,0.20149493036478863,0.9999999990600984,0.9999999872414328,0.11604821050699227,0.18585122553910968,"{""amplitude_dip_family"": ""elliptical_input_dip"", ""amplitude_dip_depth"": 0.4, ""amplitude_dip_sigma_x_mm"": 1.5, ""amplitude_dip_sigma_y_mm"": 2.1}"
143,4.83952610684689,elliptical_input_dip,elliptical_dip_d0.900_sx2.500_sy1.200mm,0.7469072092944065,0.743923044413349,0.3429672359432237,1.0000000356943881,0.9999999814425236,0.0972708041510955,0.3088797385907278,"{""amplitude_dip_family"": ""elliptical_input_dip"", ""amplitude_dip_depth"": 0.9, ""amplitude_dip_sigma_x_mm"": 2.5, ""amplitude_dip_sigma_y_mm"": 1.2}"
144,4.8414137265547055,elliptical_input_dip,elliptical_dip_d0.300_sx1.000_sy3.000mm,0.7400787861958124,0.725972026975685,0.1872016324756941,1.0000000078011142,0.9999999898106946,0.14130350107930847,0.19819359478950188,"{""amplitude_dip_family"": ""elliptical_input_dip"", ""amplitude_dip_depth"": 0.3, ""amplitude_dip_sigma_x_mm"": 1.0, ""amplitude_dip_sigma_y_mm"": 3.0}"
145,4.845840201860072,elliptical_input_dip,elliptical_dip_d0.700_sx4.000_sy3.000mm,0.630068347117013,0.7825139446207984,0.26400576290470595,1.0000000205002566,0.9999999906557285,0.15414412998208232,0.15873678236414218,"{""amplitude_dip_family"": ""elliptical_input_dip"", ""amplitude_dip_depth"": 0.7000000000000001, ""amplitude_dip_sigma_x_mm"": 4.0, ""amplitude_dip_sigma_y_mm"": 3.0}"
146,4.852755886114085,elliptical_input_dip,elliptical_dip_d0.300_sx4.000_sy1.500mm,0.893368339552206,0.9584960527830315,0.08290209646493653,1.0000000090682233,0.9999999905172142,0.1269336056312681,0.09634476441934751,"{""amplitude_dip_family"": ""elliptical_input_dip"", ""amplitude_dip_depth"": 0.3, ""amplitude_dip_sigma_x_mm"": 4.0, ""amplitude_dip_sigma_y_mm"": 1.5}"
147,4.855769211525118,elliptical_input_dip,elliptical_dip_d0.300_sx4.000_sy2.400mm,0.8902540254641024,0.947723231082077,0.0737175334379544,0.999999999274051,1.000000000561364,0.12541413509905625,0.09457047226732682,"{""amplitude_dip_family"": ""elliptical_input_dip"", ""amplitude_dip_depth"": 0.3, ""amplitude_dip_sigma_x_mm"": 4.0, ""amplitude_dip_sigma_y_mm"": 2.4}"
148,4.9301228458423205,elliptical_input_dip,elliptical_dip_d0.300_sx3.000_sy1.200mm,0.9022125889589275,0.9423245205125221,0.08141213701310193,1.0000000058141,1.000000002084399,0.13475873372949967,0.11245290147190576,"{""amplitude_dip_family"": ""elliptical_input_dip"", ""amplitude_dip_depth"": 0.3, ""amplitude_dip_sigma_x_mm"": 3.0, ""amplitude_dip_sigma_y_mm"": 1.2}"
149,4.943208478655071,elliptical_input_dip,elliptical_dip_d0.400_sx1.000_sy1.500mm,0.7289518602237421,0.7221326741650455,0.19686144998080526,1.000000003132273,0.9999999960244235,0.12570451710572247,0.2119435238373459,"{""amplitude_dip_family"": ""elliptical_input_dip"", ""amplitude_dip_depth"": 0.4, ""amplitude_dip_sigma_x_mm"": 1.0, ""amplitude_dip_sigma_y_mm"": 1.5}"
150,4.968979695446043,elliptical_input_dip,elliptical_dip_d0.500_sx2.000_sy2.100mm,0.6773761520955025,0.7351264285777939,0.22632476240652902,1.0000000145282428,0.9999999851046828,0.11212600292535432,0.1846118415385815,"{""amplitude_dip_family"": ""elliptical_input_dip"", ""amplitude_dip_depth"": 0.5, ""amplitude_dip_sigma_x_mm"": 2.0, ""amplitude_dip_sigma_y_mm"": 2.1}"
151,4.976062401828035,elliptical_input_dip,elliptical_dip_d0.700_sx2.500_sy1.500mm,0.6578317805699497,0.7525222995628318,0.27988184431318375,1.0000000152266728,0.9999999972725827,0.12428717299559262,0.2170033607902626,"{""amplitude_dip_family"": ""elliptical_input_dip"", ""amplitude_dip_depth"": 0.7000000000000001, ""amplitude_dip_sigma_x_mm"": 2.5, ""amplitude_dip_sigma_y_mm"": 1.5}"
152,5.073807247201246,elliptical_input_dip,elliptical_dip_d0.800_sx3.000_sy1.500mm,0.6477406007220808,0.7707625064572766,0.3269495322735635,1.000000028430258,0.9999999929439185,0.1414610566253868,0.23485084022276803,"{""amplitude_dip_family"": ""elliptical_input_dip"", ""amplitude_dip_depth"": 0.8, ""amplitude_dip_sigma_x_mm"": 3.0, ""amplitude_dip_sigma_y_mm"": 1.5}"
153,5.076772084900981,elliptical_input_dip,elliptical_dip_d0.600_sx2.000_sy1.500mm,0.6735049870200409,0.7334379581536519,0.24776137765161754,1.0000000136201337,0.9999999904667408,0.11321374692725733,0.21155407679236612,"{""amplitude_dip_family"": ""elliptical_input_dip"", ""amplitude_dip_depth"": 0.6000000000000001, ""amplitude_dip_sigma_x_mm"": 2.0, ""amplitude_dip_sigma_y_mm"": 1.5}"
154,5.11337662309323,elliptical_input_dip,elliptical_dip_d0.400_sx1.500_sy2.400mm,0.7028121171157835,0.7189596475649359,0.2112176329646134,1.0000000080808522,0.999999989026465,0.12144144722582609,0.1951813464037648,"{""amplitude_dip_family"": ""elliptical_input_dip"", ""amplitude_dip_depth"": 0.4, ""amplitude_dip_sigma_x_mm"": 1.5, ""amplitude_dip_sigma_y_mm"": 2.4}"
155,5.148337736518701,elliptical_input_dip,elliptical_dip_d0.300_sx4.000_sy3.000mm,0.9018554735654593,0.9439246954323022,0.06529323472367969,1.0000000000911247,0.9999999931156669,0.13288373778555757,0.1030880915610339,"{""amplitude_dip_family"": ""elliptical_input_dip"", ""amplitude_dip_depth"": 0.3, ""amplitude_dip_sigma_x_mm"": 4.0, ""amplitude_dip_sigma_y_mm"": 3.0}"
156,5.154950159909157,elliptical_input_dip,elliptical_dip_d0.300_sx6.000_sy1.800mm,0.8996976493160603,0.9776427102415268,0.08009941641029542,1.0000000065773598,1.000000001432381,0.12955941444940605,0.09275611295073496,"{""amplitude_dip_family"": ""elliptical_input_dip"", ""amplitude_dip_depth"": 0.3, ""amplitude_dip_sigma_x_mm"": 6.0, ""amplitude_dip_sigma_y_mm"": 1.8}"
157,5.242451723117784,elliptical_input_dip,elliptical_dip_d0.300_sx6.000_sy2.100mm,0.9015963483463435,0.976029062683863,0.07469158952778218,1.000000007592176,1.000000004492033,0.13055722658340835,0.09377871322330193,"{""amplitude_dip_family"": ""elliptical_input_dip"", ""amplitude_dip_depth"": 0.3, ""amplitude_dip_sigma_x_mm"": 6.0, ""amplitude_dip_sigma_y_mm"": 2.1}"
158,5.243363222898772,elliptical_input_dip,elliptical_dip_d0.300_sx6.000_sy1.500mm,0.9056207140142186,0.9797195643459974,0.08251617879348047,1.0000000049779971,0.9999999993412534,0.13298041712041198,0.09759855880132838,"{""amplitude_dip_family"": ""elliptical_input_dip"", ""amplitude_dip_depth"": 0.3, ""amplitude_dip_sigma_x_mm"": 6.0, ""amplitude_dip_sigma_y_mm"": 1.5}"
159,5.252969328661113,elliptical_input_dip,elliptical_dip_d0.600_sx1.500_sy1.200mm,0.7183263037705717,0.7090799513732616,0.2401120917213048,1.00000000557583,0.9999999980717362,0.11383465805500279,0.24793382711041034,"{""amplitude_dip_family"": ""elliptical_input_dip"", ""amplitude_dip_depth"": 0.6000000000000001, ""amplitude_dip_sigma_x_mm"": 1.5, ""amplitude_dip_sigma_y_mm"": 1.2}"
160,5.254314130298246,elliptical_input_dip,elliptical_dip_d0.700_sx3.000_sy1.800mm,0.6231027013798307,0.7709349327638201,0.28852679292144473,1.000000019633913,0.9999999985304844,0.15449545665506675,0.1949653796381843,"{""amplitude_dip_family"": ""elliptical_input_dip"", ""amplitude_dip_depth"": 0.7000000000000001, ""amplitude_dip_sigma_x_mm"": 3.0, ""amplitude_dip_sigma_y_mm"": 1.8}"
161,5.263718792222142,elliptical_input_dip,elliptical_dip_d0.500_sx1.500_sy1.500mm,0.6913106120246021,0.7167293302374108,0.2250874041475523,1.0000000084199656,0.9999999858996758,0.11655122827722034,0.2150880347275225,"{""amplitude_dip_family"": ""elliptical_input_dip"", ""amplitude_dip_depth"": 0.5, ""amplitude_dip_sigma_x_mm"": 1.5, ""amplitude_dip_sigma_y_mm"": 1.5}"
162,5.313891716542145,elliptical_input_dip,elliptical_dip_d0.800_sx6.000_sy2.100mm,0.5949001062266253,0.8894367543668364,0.35880916292507065,1.0000000325879221,0.9999999941884812,0.22835753482720753,0.16331265610396659,"{""amplitude_dip_family"": ""elliptical_input_dip"", ""amplitude_dip_depth"": 0.8, ""amplitude_dip_sigma_x_mm"": 6.0, ""amplitude_dip_sigma_y_mm"": 2.1}"
163,5.319387277956306,elliptical_input_dip,elliptical_dip_d0.300_sx4.000_sy1.200mm,0.9147234217396265,0.964174487802138,0.07906235163953755,1.0000000048391577,1.0000000114944976,0.13994843474281607,0.11169222828754043,"{""amplitude_dip_family"": ""elliptical_input_dip"", ""amplitude_dip_depth"": 0.3, ""amplitude_dip_sigma_x_mm"": 4.0, ""amplitude_dip_sigma_y_mm"": 1.2}"
164,5.3615676321351655,elliptical_input_dip,elliptical_dip_d0.500_sx1.000_sy1.200mm,0.7404259648815055,0.7011616793659101,0.21789413376323263,0.9999999995551831,0.9999999859539273,0.12354720114959332,0.24734605344735439,"{""amplitude_dip_family"": ""elliptical_input_dip"", ""amplitude_dip_depth"": 0.5, ""amplitude_dip_sigma_x_mm"": 1.0, ""amplitude_dip_sigma_y_mm"": 1.2}"
165,5.40988776408305,elliptical_input_dip,elliptical_dip_d0.300_sx6.000_sy2.400mm,0.9071301826923963,0.9747797830561256,0.06817941791340355,1.0000000036947223,1.0000000014536814,0.13374600346597512,0.09749989783771575,"{""amplitude_dip_family"": ""elliptical_input_dip"", ""amplitude_dip_depth"": 0.3, ""amplitude_dip_sigma_x_mm"": 6.0, ""amplitude_dip_sigma_y_mm"": 2.4}"
166,5.4261715797234595,elliptical_input_dip,elliptical_dip_d0.500_sx2.000_sy2.400mm,0.6698078786019531,0.717703685744996,0.2361990182203532,1.0000000092330528,0.9999999926246764,0.11688783817140533,0.1945162849262472,"{""amplitude_dip_family"": ""elliptical_input_dip"", ""amplitude_dip_depth"": 0.5, ""amplitude_dip_sigma_x_mm"": 2.0, ""amplitude_dip_sigma_y_mm"": 2.4}"
167,5.429863555042972,elliptical_input_dip,elliptical_dip_d0.800_sx4.000_sy1.800mm,0.603039814924571,0.8172006001252291,0.3466599334334031,1.0000000375693343,1.0000000038726489,0.19455267480427962,0.20097807569934747,"{""amplitude_dip_family"": ""elliptical_input_dip"", ""amplitude_dip_depth"": 0.8, ""amplitude_dip_sigma_x_mm"": 4.0, ""amplitude_dip_sigma_y_mm"": 1.8}"
168,5.4540791797781125,elliptical_input_dip,elliptical_dip_d0.600_sx2.500_sy2.100mm,0.6379672766798842,0.7388887157034892,0.2570417142712198,1.0000000145669816,0.9999999850183443,0.1318422785003495,0.19035222747656821,"{""amplitude_dip_family"": ""elliptical_input_dip"", ""amplitude_dip_depth"": 0.6000000000000001, ""amplitude_dip_sigma_x_mm"": 2.5, ""amplitude_dip_sigma_y_mm"": 2.1}"
169,5.600912201456811,elliptical_input_dip,elliptical_dip_d0.400_sx1.500_sy3.000mm,0.6989649755262877,0.698411059936494,0.2249102762433611,1.000000007824355,0.9999999789617311,0.130092634846366,0.2097240168768894,"{""amplitude_dip_family"": ""elliptical_input_dip"", ""amplitude_dip_depth"": 0.4, ""amplitude_dip_sigma_x_mm"": 1.5, ""amplitude_dip_sigma_y_mm"": 3.0}"
170,5.64448432964558,elliptical_input_dip,elliptical_dip_d0.300_sx6.000_sy1.200mm,0.9249651030897944,0.982343126977867,0.07968987470026506,1.000000006130899,1.0000000012622166,0.14491662302475655,0.11254527698285301,"{""amplitude_dip_family"": ""elliptical_input_dip"", ""amplitude_dip_depth"": 0.3, ""amplitude_dip_sigma_x_mm"": 6.0, ""amplitude_dip_sigma_y_mm"": 1.2}"
171,5.686736777062509,elliptical_input_dip,elliptical_dip_d0.800_sx6.000_sy3.000mm,0.5749925394628641,0.8452000081805163,0.3276207493807551,1.0000000306688557,0.9999999917995606,0.23037055553972963,0.16240220934184604,"{""amplitude_dip_family"": ""elliptical_input_dip"", ""amplitude_dip_depth"": 0.8, ""amplitude_dip_sigma_x_mm"": 6.0, ""amplitude_dip_sigma_y_mm"": 3.0}"
172,5.727734941975588,elliptical_input_dip,elliptical_dip_d0.800_sx2.000_sy1.200mm,0.7072499267631162,0.7009149282555025,0.30821339215548904,1.0000000265434894,0.9999999885244472,0.10719768073865296,0.2956257140148996,"{""amplitude_dip_family"": ""elliptical_input_dip"", ""amplitude_dip_depth"": 0.8, ""amplitude_dip_sigma_x_mm"": 2.0, ""amplitude_dip_sigma_y_mm"": 1.2}"
173,5.76614369123061,elliptical_input_dip,elliptical_dip_d0.800_sx6.000_sy2.400mm,0.5747002515576088,0.8730528492650864,0.35393725989224556,1.0000000411002838,0.9999999923732154,0.24100841234819745,0.1666350043900628,"{""amplitude_dip_family"": ""elliptical_input_dip"", ""amplitude_dip_depth"": 0.8, ""amplitude_dip_sigma_x_mm"": 6.0, ""amplitude_dip_sigma_y_mm"": 2.4}"
174,5.7906546661089475,elliptical_input_dip,elliptical_dip_d0.300_sx6.000_sy3.000mm,0.9206867658776776,0.9730465543809389,0.05580808084247541,1.0000000033769108,0.9999999961601228,0.14228463398784627,0.10687573119989285,"{""amplitude_dip_family"": ""elliptical_input_dip"", ""amplitude_dip_depth"": 0.3, ""amplitude_dip_sigma_x_mm"": 6.0, ""amplitude_dip_sigma_y_mm"": 3.0}"
175,5.818928977500272,elliptical_input_dip,elliptical_dip_d0.400_sx1.000_sy1.800mm,0.6925256135224624,0.6933678702610394,0.21760503700270292,1.0000000040128119,0.9999999893404599,0.13670085918048275,0.2273079316074026,"{""amplitude_dip_family"": ""elliptical_input_dip"", ""amplitude_dip_depth"": 0.4, ""amplitude_dip_sigma_x_mm"": 1.0, ""amplitude_dip_sigma_y_mm"": 1.8}"
176,5.976497596021624,elliptical_input_dip,elliptical_dip_d0.500_sx2.000_sy3.000mm,0.6688994089338893,0.693223027797489,0.2502203163417358,1.0000000078930562,0.9999999854948524,0.12247911201499143,0.21000112354069642,"{""amplitude_dip_family"": ""elliptical_input_dip"", ""amplitude_dip_depth"": 0.5, ""amplitude_dip_sigma_x_mm"": 2.0, ""amplitude_dip_sigma_y_mm"": 3.0}"
177,6.018589564710147,elliptical_input_dip,elliptical_dip_d0.600_sx2.500_sy2.400mm,0.6281368937332885,0.7179890592304993,0.2662670847000899,1.0000000154766113,0.9999999959340693,0.1359912008375649,0.2007890781044678,"{""amplitude_dip_family"": ""elliptical_input_dip"", ""amplitude_dip_depth"": 0.6000000000000001, ""amplitude_dip_sigma_x_mm"": 2.5, ""amplitude_dip_sigma_y_mm"": 2.4}"
178,6.08467067625178,elliptical_input_dip,elliptical_dip_d0.900_sx6.000_sy1.800mm,0.6043366750357153,0.8888757721699676,0.44186709280322434,1.0000000523174815,1.0000000083255987,0.2260179142256118,0.21625944490807786,"{""amplitude_dip_family"": ""elliptical_input_dip"", ""amplitude_dip_depth"": 0.9, ""amplitude_dip_sigma_x_mm"": 6.0, ""amplitude_dip_sigma_y_mm"": 1.8}"
179,6.420707520025093,elliptical_input_dip,elliptical_dip_d0.900_sx3.000_sy1.500mm,0.6339269159772309,0.7371154755874084,0.3911405317775219,1.000000035632141,0.9999999975265589,0.153648334967361,0.2931645443544059,"{""amplitude_dip_family"": ""elliptical_input_dip"", ""amplitude_dip_depth"": 0.9, ""amplitude_dip_sigma_x_mm"": 3.0, ""amplitude_dip_sigma_y_mm"": 1.5}"
180,6.434011615815388,elliptical_input_dip,elliptical_dip_d0.700_sx3.000_sy2.100mm,0.5888090175181999,0.7398434929608774,0.3024307546279057,1.000000023124685,0.9999999918550384,0.17438453955707325,0.20939015147721032,"{""amplitude_dip_family"": ""elliptical_input_dip"", ""amplitude_dip_depth"": 0.7000000000000001, ""amplitude_dip_sigma_x_mm"": 3.0, ""amplitude_dip_sigma_y_mm"": 2.1}"
181,6.467052177538541,elliptical_input_dip,elliptical_dip_d0.500_sx1.500_sy1.800mm,0.6492008277461492,0.6829075355276211,0.2500208678137148,1.0000000098746458,0.9999999822066622,0.1326837947961726,0.2333236244752666,"{""amplitude_dip_family"": ""elliptical_input_dip"", ""amplitude_dip_depth"": 0.5, ""amplitude_dip_sigma_x_mm"": 1.5, ""amplitude_dip_sigma_y_mm"": 1.8}"
182,6.51618228917348,elliptical_input_dip,elliptical_dip_d0.400_sx1.000_sy2.100mm,0.6704677639868677,0.6713681481930375,0.23357799384603953,1.0000000081098888,0.9999999891643244,0.14775712232507787,0.24174399814679587,"{""amplitude_dip_family"": ""elliptical_input_dip"", ""amplitude_dip_depth"": 0.4, ""amplitude_dip_sigma_x_mm"": 1.0, ""amplitude_dip_sigma_y_mm"": 2.1}"
183,6.595039999347127,elliptical_input_dip,elliptical_dip_d0.600_sx2.000_sy1.800mm,0.6222453113399838,0.695253042369817,0.27491676979600993,1.0000000180038657,0.9999999874581403,0.13778769623775713,0.2306028224398859,"{""amplitude_dip_family"": ""elliptical_input_dip"", ""amplitude_dip_depth"": 0.6000000000000001, ""amplitude_dip_sigma_x_mm"": 2.0, ""amplitude_dip_sigma_y_mm"": 1.8}"
184,6.642529498366022,elliptical_input_dip,elliptical_dip_d0.600_sx2.500_sy3.000mm,0.6279838607417452,0.6878625138169001,0.27915331921958997,1.0000000095657482,0.9999999903541616,0.13525578011387804,0.21675326726402214,"{""amplitude_dip_family"": ""elliptical_input_dip"", ""amplitude_dip_depth"": 0.6000000000000001, ""amplitude_dip_sigma_x_mm"": 2.5, ""amplitude_dip_sigma_y_mm"": 3.0}"
185,6.7112108648013935,elliptical_input_dip,elliptical_dip_d0.800_sx2.500_sy1.500mm,0.6186811932675377,0.7083472680629475,0.339948918330065,1.0000000258208994,0.9999999941783251,0.14882397479087292,0.27310343418892236,"{""amplitude_dip_family"": ""elliptical_input_dip"", ""amplitude_dip_depth"": 0.8, ""amplitude_dip_sigma_x_mm"": 2.5, ""amplitude_dip_sigma_y_mm"": 1.5}"
186,6.739245859087202,elliptical_input_dip,elliptical_dip_d0.700_sx1.500_sy1.200mm,0.6852488769430455,0.6605180890540235,0.28887403826955577,1.0000000163236358,0.9999999870197459,0.1228129313174248,0.29923972606848986,"{""amplitude_dip_family"": ""elliptical_input_dip"", ""amplitude_dip_depth"": 0.7000000000000001, ""amplitude_dip_sigma_x_mm"": 1.5, ""amplitude_dip_sigma_y_mm"": 1.2}"
187,6.8349130893702155,elliptical_input_dip,elliptical_dip_d0.900_sx2.000_sy1.200mm,0.7077264467658471,0.6670304755578167,0.35806824254124153,1.000000036016816,0.9999999949500209,0.10972474746543712,0.3493376519940892,"{""amplitude_dip_family"": ""elliptical_input_dip"", ""amplitude_dip_depth"": 0.9, ""amplitude_dip_sigma_x_mm"": 2.0, ""amplitude_dip_sigma_y_mm"": 1.2}"
188,6.891897311247467,elliptical_input_dip,elliptical_dip_d0.800_sx4.000_sy2.100mm,0.553595020274257,0.7846051115860172,0.35953526493617183,1.000000037230893,0.9999999973633323,0.2288739388768125,0.21593388340477682,"{""amplitude_dip_family"": ""elliptical_input_dip"", ""amplitude_dip_depth"": 0.8, ""amplitude_dip_sigma_x_mm"": 4.0, ""amplitude_dip_sigma_y_mm"": 2.1}"
189,6.9237624461926845,elliptical_input_dip,elliptical_dip_d0.700_sx2.500_sy1.800mm,0.5922027070654698,0.7092664006263569,0.30914874304109696,1.0000000226563646,0.9999999927530455,0.16287019746512993,0.23745907876586242,"{""amplitude_dip_family"": ""elliptical_input_dip"", ""amplitude_dip_depth"": 0.7000000000000001, ""amplitude_dip_sigma_x_mm"": 2.5, ""amplitude_dip_sigma_y_mm"": 1.8}"
190,6.9341904836342145,elliptical_input_dip,elliptical_dip_d0.600_sx1.000_sy1.200mm,0.7014990566888071,0.645214266472829,0.2669884571650605,1.0000000066658667,0.9999999841525624,0.13146299615989032,0.298992406066123,"{""amplitude_dip_family"": ""elliptical_input_dip"", ""amplitude_dip_depth"": 0.6000000000000001, ""amplitude_dip_sigma_x_mm"": 1.0, ""amplitude_dip_sigma_y_mm"": 1.2}"
191,6.98579775263309,elliptical_input_dip,elliptical_dip_d0.500_sx1.000_sy1.500mm,0.6657826816190334,0.6535274834909834,0.2538056261667941,1.0000000093424086,0.9999999825036994,0.14221861436533595,0.26995497782404115,"{""amplitude_dip_family"": ""elliptical_input_dip"", ""amplitude_dip_depth"": 0.5, ""amplitude_dip_sigma_x_mm"": 1.0, ""amplitude_dip_sigma_y_mm"": 1.5}"
192,7.036258667170875,elliptical_input_dip,elliptical_dip_d0.400_sx1.000_sy2.400mm,0.6573053940079828,0.6545285927979534,0.24592596791877025,1.0000000084516603,0.9999999863427725,0.15694059367875945,0.2540139823842644,"{""amplitude_dip_family"": ""elliptical_input_dip"", ""amplitude_dip_depth"": 0.4, ""amplitude_dip_sigma_x_mm"": 1.0, ""amplitude_dip_sigma_y_mm"": 2.4}"
193,7.043191987367983,elliptical_input_dip,elliptical_dip_d0.700_sx2.000_sy1.500mm,0.6205999582289807,0.6801704622453317,0.3056248701598924,1.0000000224400394,0.9999999878301964,0.1398913506308699,0.26755387716025636,"{""amplitude_dip_family"": ""elliptical_input_dip"", ""amplitude_dip_depth"": 0.7000000000000001, ""amplitude_dip_sigma_x_mm"": 2.0, ""amplitude_dip_sigma_y_mm"": 1.5}"
194,7.186938816824271,elliptical_input_dip,elliptical_dip_d0.700_sx3.000_sy2.400mm,0.5725994538050524,0.7137453246460252,0.31151207085493515,1.0000000154683515,0.9999999889884613,0.1814688899327771,0.22152425414014823,"{""amplitude_dip_family"": ""elliptical_input_dip"", ""amplitude_dip_depth"": 0.7000000000000001, ""amplitude_dip_sigma_x_mm"": 3.0, ""amplitude_dip_sigma_y_mm"": 2.4}"
195,7.278337627504392,elliptical_input_dip,elliptical_dip_d0.900_sx4.000_sy1.800mm,0.5673638786044174,0.7827038782140128,0.4281730078717973,1.000000047955418,0.9999999973608646,0.2266233250728331,0.2638344120052375,"{""amplitude_dip_family"": ""elliptical_input_dip"", ""amplitude_dip_depth"": 0.9, ""amplitude_dip_sigma_x_mm"": 4.0, ""amplitude_dip_sigma_y_mm"": 1.8}"
196,7.357192792288892,elliptical_input_dip,elliptical_dip_d0.500_sx1.500_sy2.100mm,0.6252281710187395,0.6565006028117303,0.2692844959845352,1.0000000047000355,0.9999999803041355,0.14625449555351494,0.2502044321415992,"{""amplitude_dip_family"": ""elliptical_input_dip"", ""amplitude_dip_depth"": 0.5, ""amplitude_dip_sigma_x_mm"": 1.5, ""amplitude_dip_sigma_y_mm"": 2.1}"
197,7.384770972072426,elliptical_input_dip,elliptical_dip_d0.600_sx1.500_sy1.500mm,0.6301006130725579,0.6546513138981773,0.28281429940836256,1.000000008944776,0.9999999802124363,0.14016353565265963,0.2730311214387205,"{""amplitude_dip_family"": ""elliptical_input_dip"", ""amplitude_dip_depth"": 0.6000000000000001, ""amplitude_dip_sigma_x_mm"": 1.5, ""amplitude_dip_sigma_y_mm"": 1.5}"
198,7.55138039072244,elliptical_input_dip,elliptical_dip_d0.800_sx3.000_sy1.800mm,0.5621742999272664,0.7214409343695233,0.36031536178787194,1.0000000315929558,0.9999999815906062,0.19931812490150833,0.25753148277398197,"{""amplitude_dip_family"": ""elliptical_input_dip"", ""amplitude_dip_depth"": 0.8, ""amplitude_dip_sigma_x_mm"": 3.0, ""amplitude_dip_sigma_y_mm"": 1.8}"
199,7.685495858743958,elliptical_input_dip,elliptical_dip_d0.600_sx2.000_sy2.100mm,0.5934745847357779,0.6644093564413581,0.2958546475451276,1.0000000140037655,0.9999999851086256,0.1543353163419989,0.24885997719459949,"{""amplitude_dip_family"": ""elliptical_input_dip"", ""amplitude_dip_depth"": 0.6000000000000001, ""amplitude_dip_sigma_x_mm"": 2.0, ""amplitude_dip_sigma_y_mm"": 2.1}"
200,7.713619340787109,elliptical_input_dip,elliptical_dip_d0.400_sx1.000_sy3.000mm,0.6446429649366568,0.631423076626043,0.2632136082072987,0.9999999936853456,0.9999999880524705,0.17003460854870062,0.2723186779641721,"{""amplitude_dip_family"": ""elliptical_input_dip"", ""amplitude_dip_depth"": 0.4, ""amplitude_dip_sigma_x_mm"": 1.0, ""amplitude_dip_sigma_y_mm"": 3.0}"
201,7.792798950943278,elliptical_input_dip,elliptical_dip_d0.900_sx6.000_sy2.100mm,0.533814186669554,0.8625679562257389,0.46256472101898816,1.0000000551128168,1.0000000002011877,0.28376399315178624,0.23052571502677432,"{""amplitude_dip_family"": ""elliptical_input_dip"", ""amplitude_dip_depth"": 0.9, ""amplitude_dip_sigma_x_mm"": 6.0, ""amplitude_dip_sigma_y_mm"": 2.1}"
202,7.818695464395479,elliptical_input_dip,elliptical_dip_d0.800_sx4.000_sy2.400mm,0.5266895855936652,0.755185878742877,0.36501253848308784,1.000000040185846,0.9999999921932197,0.24431785638151238,0.22860179912455802,"{""amplitude_dip_family"": ""elliptical_input_dip"", ""amplitude_dip_depth"": 0.8, ""amplitude_dip_sigma_x_mm"": 4.0, ""amplitude_dip_sigma_y_mm"": 2.4}"
203,7.984134487998643,elliptical_input_dip,elliptical_dip_d0.700_sx3.000_sy3.000mm,0.5679755332232275,0.6745672324998648,0.32335677745638747,1.0000000159700748,0.9999999834125618,0.17730386595304207,0.23901937056097522,"{""amplitude_dip_family"": ""elliptical_input_dip"", ""amplitude_dip_depth"": 0.7000000000000001, ""amplitude_dip_sigma_x_mm"": 3.0, ""amplitude_dip_sigma_y_mm"": 3.0}"
204,7.990924503347032,elliptical_input_dip,elliptical_dip_d0.500_sx1.500_sy2.400mm,0.6123092541378314,0.6360176847857444,0.2842844191154266,1.000000006797093,0.9999999883853701,0.1562090045771546,0.26433243552062347,"{""amplitude_dip_family"": ""elliptical_input_dip"", ""amplitude_dip_depth"": 0.5, ""amplitude_dip_sigma_x_mm"": 1.5, ""amplitude_dip_sigma_y_mm"": 2.4}"
205,8.1902301313445,elliptical_input_dip,elliptical_dip_d0.800_sx1.500_sy1.200mm,0.664320086197166,0.614872375548399,0.33908239639104737,1.0000000143396734,0.9999999849411241,0.1315785321382872,0.352773632629973,"{""amplitude_dip_family"": ""elliptical_input_dip"", ""amplitude_dip_depth"": 0.8, ""amplitude_dip_sigma_x_mm"": 1.5, ""amplitude_dip_sigma_y_mm"": 1.2}"
206,8.198271093227252,elliptical_input_dip,elliptical_dip_d0.900_sx2.500_sy1.500mm,0.6023995108798211,0.667096560540641,0.40350700885735924,1.0000000350512708,0.9999999869344961,0.1629554126197199,0.3332602390465225,"{""amplitude_dip_family"": ""elliptical_input_dip"", ""amplitude_dip_depth"": 0.9, ""amplitude_dip_sigma_x_mm"": 2.5, ""amplitude_dip_sigma_y_mm"": 1.5}"
207,8.316755932428592,elliptical_input_dip,elliptical_dip_d0.700_sx2.500_sy2.100mm,0.5537109614069756,0.672618538693447,0.3316408166383721,1.0000000194057217,0.9999999830923783,0.18627441690884075,0.25818282206533844,"{""amplitude_dip_family"": ""elliptical_input_dip"", ""amplitude_dip_depth"": 0.7000000000000001, ""amplitude_dip_sigma_x_mm"": 2.5, ""amplitude_dip_sigma_y_mm"": 2.1}"
208,8.392525440839378,elliptical_input_dip,elliptical_dip_d0.500_sx1.000_sy1.800mm,0.6166466395241897,0.6165453602313673,0.28247007859869455,1.0000000101157074,0.9999999794515908,0.1658098195949543,0.29400560122567376,"{""amplitude_dip_family"": ""elliptical_input_dip"", ""amplitude_dip_depth"": 0.5, ""amplitude_dip_sigma_x_mm"": 1.0, ""amplitude_dip_sigma_y_mm"": 1.8}"
209,8.440671362836868,elliptical_input_dip,elliptical_dip_d0.600_sx2.000_sy2.400mm,0.5787588709647304,0.6398942188065013,0.3122220578024233,1.0000000087570884,0.99999998742712,0.163925203352851,0.2641822839141703,"{""amplitude_dip_family"": ""elliptical_input_dip"", ""amplitude_dip_depth"": 0.6000000000000001, ""amplitude_dip_sigma_x_mm"": 2.0, ""amplitude_dip_sigma_y_mm"": 2.4}"
210,8.552285881975127,elliptical_input_dip,elliptical_dip_d0.700_sx1.000_sy1.200mm,0.671672898812831,0.5923607794405308,0.3171806408941932,1.0000000079159665,0.999999981599651,0.14284680614268574,0.35198621580749556,"{""amplitude_dip_family"": ""elliptical_input_dip"", ""amplitude_dip_depth"": 0.7000000000000001, ""amplitude_dip_sigma_x_mm"": 1.0, ""amplitude_dip_sigma_y_mm"": 1.2}"
211,8.728792124971246,elliptical_input_dip,elliptical_dip_d0.800_sx4.000_sy3.000mm,0.5120772879061786,0.7071372589113722,0.36596749354044117,1.0000000270618759,0.9999999834764963,0.24251400540989665,0.244728247730569,"{""amplitude_dip_family"": ""elliptical_input_dip"", ""amplitude_dip_depth"": 0.8, ""amplitude_dip_sigma_x_mm"": 4.0, ""amplitude_dip_sigma_y_mm"": 3.0}"
212,8.782338766541459,elliptical_input_dip,elliptical_dip_d0.500_sx1.500_sy3.000mm,0.6026814174998855,0.6076129616094318,0.30566891962104686,1.0000000081229419,0.9999999840883701,0.16914790976202065,0.2851866921428761,"{""amplitude_dip_family"": ""elliptical_input_dip"", ""amplitude_dip_depth"": 0.5, ""amplitude_dip_sigma_x_mm"": 1.5, ""amplitude_dip_sigma_y_mm"": 3.0}"
213,8.982781600567986,elliptical_input_dip,elliptical_dip_d0.900_sx6.000_sy2.400mm,0.4871321219875338,0.8358949010033816,0.4722021263296073,1.0000000558166684,0.9999999968698262,0.3204275178063549,0.2455851652276093,"{""amplitude_dip_family"": ""elliptical_input_dip"", ""amplitude_dip_depth"": 0.9, ""amplitude_dip_sigma_x_mm"": 6.0, ""amplitude_dip_sigma_y_mm"": 2.4}"
214,9.002022605593613,elliptical_input_dip,elliptical_dip_d0.800_sx2.000_sy1.500mm,0.5791480380626027,0.6273261862856269,0.36790422229574943,1.0000000207475421,0.999999982757193,0.16615532802271224,0.32830188779671576,"{""amplitude_dip_family"": ""elliptical_input_dip"", ""amplitude_dip_depth"": 0.8, ""amplitude_dip_sigma_x_mm"": 2.0, ""amplitude_dip_sigma_y_mm"": 1.5}"
215,9.170146992475036,elliptical_input_dip,elliptical_dip_d0.600_sx1.500_sy1.800mm,0.5726463127180081,0.6105640177569613,0.317922629158108,1.0000000069200214,0.9999999891320062,0.17092570622201364,0.30114453405091457,"{""amplitude_dip_family"": ""elliptical_input_dip"", ""amplitude_dip_depth"": 0.6000000000000001, ""amplitude_dip_sigma_x_mm"": 1.5, ""amplitude_dip_sigma_y_mm"": 1.8}"
216,9.234592770186365,elliptical_input_dip,elliptical_dip_d0.700_sx2.000_sy1.800mm,0.5502016843194238,0.6295442795987969,0.3448831282236622,1.000000019230046,0.9999999885275374,0.18194497287911138,0.297526178513785,"{""amplitude_dip_family"": ""elliptical_input_dip"", ""amplitude_dip_depth"": 0.7000000000000001, ""amplitude_dip_sigma_x_mm"": 2.0, ""amplitude_dip_sigma_y_mm"": 1.8}"
217,9.23584119546812,elliptical_input_dip,elliptical_dip_d0.600_sx1.000_sy1.500mm,0.608604341004893,0.58693676924029,0.31347981914955453,1.000000004910114,0.9999999825302429,0.1681180254999345,0.33194808260584774,"{""amplitude_dip_family"": ""elliptical_input_dip"", ""amplitude_dip_depth"": 0.6000000000000001, ""amplitude_dip_sigma_x_mm"": 1.0, ""amplitude_dip_sigma_y_mm"": 1.5}"
218,9.27557575877727,elliptical_input_dip,elliptical_dip_d0.700_sx2.500_sy2.400mm,0.5332100236774067,0.6423955013165019,0.3492030314978635,1.0000000171202765,0.999999983068443,0.19771334544224425,0.27568474716072683,"{""amplitude_dip_family"": ""elliptical_input_dip"", ""amplitude_dip_depth"": 0.7000000000000001, ""amplitude_dip_sigma_x_mm"": 2.5, ""amplitude_dip_sigma_y_mm"": 2.4}"
219,9.353808013383293,elliptical_input_dip,elliptical_dip_d0.600_sx2.000_sy3.000mm,0.57007023560827,0.6051228879723599,0.3361141368648528,1.000000005622933,0.9999999832960049,0.17288047789661976,0.28685863806473655,"{""amplitude_dip_family"": ""elliptical_input_dip"", ""amplitude_dip_depth"": 0.6000000000000001, ""amplitude_dip_sigma_x_mm"": 2.0, ""amplitude_dip_sigma_y_mm"": 3.0}"
220,9.406892775473064,elliptical_input_dip,elliptical_dip_d0.800_sx3.000_sy2.100mm,0.5070941833280238,0.6768598626239231,0.3865756839695399,1.0000000337721697,0.9999999873639677,0.23648302638654595,0.28307468779719036,"{""amplitude_dip_family"": ""elliptical_input_dip"", ""amplitude_dip_depth"": 0.8, ""amplitude_dip_sigma_x_mm"": 3.0, ""amplitude_dip_sigma_y_mm"": 2.1}"
221,9.414139901623471,elliptical_input_dip,elliptical_dip_d0.800_sx2.500_sy1.800mm,0.5297416037098016,0.6505241740203749,0.3831394556634173,1.0000000256383446,0.9999999908212012,0.2081210730982671,0.30501846397727567,"{""amplitude_dip_family"": ""elliptical_input_dip"", ""amplitude_dip_depth"": 0.8, ""amplitude_dip_sigma_x_mm"": 2.5, ""amplitude_dip_sigma_y_mm"": 1.8}"
222,9.442928512269596,elliptical_input_dip,elliptical_dip_d0.500_sx1.000_sy2.100mm,0.585877869740962,0.5882678428462347,0.3048210099103845,1.0000000021957514,0.9999999822710854,0.18520666595939814,0.3151203353537761,"{""amplitude_dip_family"": ""elliptical_input_dip"", ""amplitude_dip_depth"": 0.5, ""amplitude_dip_sigma_x_mm"": 1.0, ""amplitude_dip_sigma_y_mm"": 2.1}"
223,9.458462069649823,elliptical_input_dip,elliptical_dip_d0.900_sx1.500_sy1.200mm,0.6610188894130666,0.5741917130132163,0.3896374919636498,1.0000000216166114,0.9999999832415087,0.13540101813993144,0.40665148708234594,"{""amplitude_dip_family"": ""elliptical_input_dip"", ""amplitude_dip_depth"": 0.9, ""amplitude_dip_sigma_x_mm"": 1.5, ""amplitude_dip_sigma_y_mm"": 1.2}"
224,9.514953497509637,elliptical_input_dip,elliptical_dip_d0.900_sx4.000_sy2.100mm,0.49177766521487093,0.7355435230321673,0.4564480426822357,1.0000000480396571,0.9999999924218432,0.28459230697155286,0.29000421129426207,"{""amplitude_dip_family"": ""elliptical_input_dip"", ""amplitude_dip_depth"": 0.9, ""amplitude_dip_sigma_x_mm"": 4.0, ""amplitude_dip_sigma_y_mm"": 2.1}"
225,9.606181261441359,elliptical_input_dip,elliptical_dip_d0.900_sx3.000_sy1.800mm,0.5243309064983883,0.6720995784137226,0.4397820842022757,1.000000041575195,0.999999983895594,0.23300885468286087,0.32536769008586036,"{""amplitude_dip_family"": ""elliptical_input_dip"", ""amplitude_dip_depth"": 0.9, ""amplitude_dip_sigma_x_mm"": 3.0, ""amplitude_dip_sigma_y_mm"": 1.8}"
226,9.622263467523032,elliptical_input_dip,elliptical_dip_d0.700_sx1.500_sy1.500mm,0.5755670887002169,0.5929386502859119,0.34466137805720776,1.0000000214589866,0.9999999841010208,0.1693564106359137,0.3357977064583353,"{""amplitude_dip_family"": ""elliptical_input_dip"", ""amplitude_dip_depth"": 0.7000000000000001, ""amplitude_dip_sigma_x_mm"": 1.5, ""amplitude_dip_sigma_y_mm"": 1.5}"
227,10.066552405815612,elliptical_input_dip,elliptical_dip_d0.800_sx1.000_sy1.200mm,0.6539210978367781,0.5436871056345165,0.36781837604479084,1.0000000113580254,0.9999999790589853,0.15399113239434797,0.40432201468550005,"{""amplitude_dip_family"": ""elliptical_input_dip"", ""amplitude_dip_depth"": 0.8, ""amplitude_dip_sigma_x_mm"": 1.0, ""amplitude_dip_sigma_y_mm"": 1.2}"
228,10.206637315286025,elliptical_input_dip,elliptical_dip_d0.500_sx1.000_sy2.400mm,0.5667758006873851,0.5666562865650017,0.32222938913052607,1.0000000010546122,0.9999999876668431,0.19988418425914845,0.33244465768672665,"{""amplitude_dip_family"": ""elliptical_input_dip"", ""amplitude_dip_depth"": 0.5, ""amplitude_dip_sigma_x_mm"": 1.0, ""amplitude_dip_sigma_y_mm"": 2.4}"
229,10.22110239761679,elliptical_input_dip,elliptical_dip_d0.900_sx6.000_sy3.000mm,0.4419588038516714,0.7847089750781131,0.4689795387483906,1.000000054634301,0.9999999907139828,0.34800654629209316,0.26580879419440095,"{""amplitude_dip_family"": ""elliptical_input_dip"", ""amplitude_dip_depth"": 0.9, ""amplitude_dip_sigma_x_mm"": 6.0, ""amplitude_dip_sigma_y_mm"": 3.0}"
230,10.419699207707916,elliptical_input_dip,elliptical_dip_d0.700_sx2.500_sy3.000mm,0.5203822112326415,0.5979157693824662,0.37549803561443773,1.000000007560661,0.9999999826773799,0.20312780149879547,0.30151438214548865,"{""amplitude_dip_family"": ""elliptical_input_dip"", ""amplitude_dip_depth"": 0.7000000000000001, ""amplitude_dip_sigma_x_mm"": 2.5, ""amplitude_dip_sigma_y_mm"": 3.0}"
231,10.474050838985121,elliptical_input_dip,elliptical_dip_d0.600_sx1.500_sy2.100mm,0.5378061054783477,0.5758918680745133,0.3458580701783675,1.0000000165227632,0.9999999870304409,0.1937381086139394,0.32594729505084263,"{""amplitude_dip_family"": ""elliptical_input_dip"", ""amplitude_dip_depth"": 0.6000000000000001, ""amplitude_dip_sigma_x_mm"": 1.5, ""amplitude_dip_sigma_y_mm"": 2.1}"
232,10.680743052167259,elliptical_input_dip,elliptical_dip_d0.900_sx2.000_sy1.500mm,0.5599606131883438,0.5782847316244594,0.43281298096326964,1.000000028957385,0.999999987994647,0.1823373396816906,0.3905552913227727,"{""amplitude_dip_family"": ""elliptical_input_dip"", ""amplitude_dip_depth"": 0.9, ""amplitude_dip_sigma_x_mm"": 2.0, ""amplitude_dip_sigma_y_mm"": 1.5}"
233,10.739809479959137,elliptical_input_dip,elliptical_dip_d0.800_sx3.000_sy2.400mm,0.4740132511787203,0.6380448256220705,0.4074163106153294,1.0000000290282476,0.9999999926258097,0.2562875398333029,0.3055890018546873,"{""amplitude_dip_family"": ""elliptical_input_dip"", ""amplitude_dip_depth"": 0.8, ""amplitude_dip_sigma_x_mm"": 3.0, ""amplitude_dip_sigma_y_mm"": 2.4}"
234,10.85130570960648,elliptical_input_dip,elliptical_dip_d0.700_sx2.000_sy2.100mm,0.5068152183402109,0.5878918605330752,0.377010691467538,1.000000017986503,0.9999999783231254,0.21010842856960554,0.3254238026407998,"{""amplitude_dip_family"": ""elliptical_input_dip"", ""amplitude_dip_depth"": 0.7000000000000001, ""amplitude_dip_sigma_x_mm"": 2.0, ""amplitude_dip_sigma_y_mm"": 2.1}"
235,11.125460333237347,elliptical_input_dip,elliptical_dip_d0.600_sx1.000_sy1.800mm,0.5456954106414075,0.5416137544774083,0.35127807493663954,1.0000000096139974,0.9999999749423177,0.20469754764722398,0.36482961385442997,"{""amplitude_dip_family"": ""elliptical_input_dip"", ""amplitude_dip_depth"": 0.6000000000000001, ""amplitude_dip_sigma_x_mm"": 1.0, ""amplitude_dip_sigma_y_mm"": 1.8}"
236,11.184256181665504,elliptical_input_dip,elliptical_dip_d0.500_sx1.000_sy3.000mm,0.5470905921027297,0.5370961609779367,0.3467153115592436,1.000000007506634,0.9999999782522551,0.21935077584173107,0.3575705782026178,"{""amplitude_dip_family"": ""elliptical_input_dip"", ""amplitude_dip_depth"": 0.5, ""amplitude_dip_sigma_x_mm"": 1.0, ""amplitude_dip_sigma_y_mm"": 3.0}"
237,11.254830389287577,elliptical_input_dip,elliptical_dip_d0.900_sx4.000_sy2.400mm,0.43949265124424935,0.6900782735443676,0.47806602007517035,1.0000000455010027,0.9999999943959218,0.32190456817258245,0.3165639805981107,"{""amplitude_dip_family"": ""elliptical_input_dip"", ""amplitude_dip_depth"": 0.9, ""amplitude_dip_sigma_x_mm"": 4.0, ""amplitude_dip_sigma_y_mm"": 2.4}"
238,11.391283452321272,elliptical_input_dip,elliptical_dip_d0.900_sx1.000_sy1.200mm,0.6516677623088872,0.5004590855396516,0.4180583225809737,1.000000006375905,0.9999999788940643,0.1619293399406061,0.4544001573234932,"{""amplitude_dip_family"": ""elliptical_input_dip"", ""amplitude_dip_depth"": 0.9, ""amplitude_dip_sigma_x_mm"": 1.0, ""amplitude_dip_sigma_y_mm"": 1.2}"
239,11.406770784452563,elliptical_input_dip,elliptical_dip_d0.600_sx1.500_sy2.400mm,0.5173396810485339,0.5488958412514502,0.36802915074792975,1.0000000047672624,0.9999999735341204,0.2095584299099674,0.34623184668540846,"{""amplitude_dip_family"": ""elliptical_input_dip"", ""amplitude_dip_depth"": 0.6000000000000001, ""amplitude_dip_sigma_x_mm"": 1.5, ""amplitude_dip_sigma_y_mm"": 2.4}"
240,11.44155655527986,elliptical_input_dip,elliptical_dip_d0.700_sx1.000_sy1.500mm,0.5607704225450727,0.523570760686955,0.37527824361538137,1.0000000096836366,0.9999999770465049,0.19713792266504437,0.3945372788137789,"{""amplitude_dip_family"": ""elliptical_input_dip"", ""amplitude_dip_depth"": 0.7000000000000001, ""amplitude_dip_sigma_x_mm"": 1.0, ""amplitude_dip_sigma_y_mm"": 1.5}"
241,11.493552558687409,elliptical_input_dip,elliptical_dip_d0.800_sx2.500_sy2.100mm,0.47119712017329224,0.5998784375057482,0.42004199601730147,1.0000000253059507,0.9999999806412257,0.24769969855554788,0.33774324688422946,"{""amplitude_dip_family"": ""elliptical_input_dip"", ""amplitude_dip_depth"": 0.8, ""amplitude_dip_sigma_x_mm"": 2.5, ""amplitude_dip_sigma_y_mm"": 2.1}"
242,11.646035882031416,elliptical_input_dip,elliptical_dip_d0.900_sx2.500_sy1.800mm,0.490509004787358,0.592677792321035,0.4641186129177069,1.000000036000479,0.9999999884570849,0.24240066798667836,0.3762685797080708,"{""amplitude_dip_family"": ""elliptical_input_dip"", ""amplitude_dip_depth"": 0.9, ""amplitude_dip_sigma_x_mm"": 2.5, ""amplitude_dip_sigma_y_mm"": 1.8}"
243,11.749542905656192,elliptical_input_dip,elliptical_dip_d0.800_sx1.500_sy1.500mm,0.5336889827939387,0.5336034364705161,0.4097320314067863,1.0000000143143626,0.9999999855491682,0.196548677522606,0.4001491069055008,"{""amplitude_dip_family"": ""elliptical_input_dip"", ""amplitude_dip_depth"": 0.8, ""amplitude_dip_sigma_x_mm"": 1.5, ""amplitude_dip_sigma_y_mm"": 1.5}"
244,11.923558059523211,elliptical_input_dip,elliptical_dip_d0.800_sx2.000_sy1.800mm,0.48701846497136947,0.5622370026753519,0.4228448849954824,1.000000017961141,0.9999999796693696,0.22678069257883493,0.3705095469697969,"{""amplitude_dip_family"": ""elliptical_input_dip"", ""amplitude_dip_depth"": 0.8, ""amplitude_dip_sigma_x_mm"": 2.0, ""amplitude_dip_sigma_y_mm"": 1.8}"
245,12.012263573518542,elliptical_input_dip,elliptical_dip_d0.700_sx1.500_sy1.800mm,0.500575855124199,0.5374853088200438,0.3924492820855843,1.0000000083255058,0.9999999861090691,0.21544907632700638,0.3748651150094635,"{""amplitude_dip_family"": ""elliptical_input_dip"", ""amplitude_dip_depth"": 0.7000000000000001, ""amplitude_dip_sigma_x_mm"": 1.5, ""amplitude_dip_sigma_y_mm"": 1.8}"
246,12.013271168801136,elliptical_input_dip,elliptical_dip_d0.700_sx2.000_sy2.400mm,0.48135502738773966,0.5543625187977105,0.4032038166158567,1.0000000173471857,0.9999999827983701,0.22733662853709208,0.34870961868332906,"{""amplitude_dip_family"": ""elliptical_input_dip"", ""amplitude_dip_depth"": 0.7000000000000001, ""amplitude_dip_sigma_x_mm"": 2.0, ""amplitude_dip_sigma_y_mm"": 2.4}"
247,12.28900114779904,elliptical_input_dip,elliptical_dip_d0.900_sx3.000_sy2.100mm,0.4447379036712084,0.610301788758964,0.48444293039722686,1.0000000450950985,0.9999999874411573,0.29148517444943606,0.36437128104594313,"{""amplitude_dip_family"": ""elliptical_input_dip"", ""amplitude_dip_depth"": 0.9, ""amplitude_dip_sigma_x_mm"": 3.0, ""amplitude_dip_sigma_y_mm"": 2.1}"
248,12.41045864226288,elliptical_input_dip,elliptical_dip_d0.800_sx3.000_sy3.000mm,0.44610249868534907,0.5774243718174459,0.4398699462727567,1.000000031243251,0.9999999785101585,0.2670437613690744,0.33960752649946263,"{""amplitude_dip_family"": ""elliptical_input_dip"", ""amplitude_dip_depth"": 0.8, ""amplitude_dip_sigma_x_mm"": 3.0, ""amplitude_dip_sigma_y_mm"": 3.0}"
249,12.522377555005374,elliptical_input_dip,elliptical_dip_d0.600_sx1.000_sy2.100mm,0.5050801516614809,0.5070100633447682,0.38110130029451894,1.0000000087691148,0.9999999837221313,0.23278486706959245,0.3929434465389891,"{""amplitude_dip_family"": ""elliptical_input_dip"", ""amplitude_dip_depth"": 0.6000000000000001, ""amplitude_dip_sigma_x_mm"": 1.0, ""amplitude_dip_sigma_y_mm"": 2.1}"
250,12.581516629637608,elliptical_input_dip,elliptical_dip_d0.600_sx1.500_sy3.000mm,0.4987187549918897,0.5114008124752307,0.4000585721778572,1.0000000136844267,0.9999999775506366,0.22892774631827623,0.3755760569542778,"{""amplitude_dip_family"": ""elliptical_input_dip"", ""amplitude_dip_depth"": 0.6000000000000001, ""amplitude_dip_sigma_x_mm"": 1.5, ""amplitude_dip_sigma_y_mm"": 3.0}"
251,13.04170810821438,elliptical_input_dip,elliptical_dip_d0.800_sx2.500_sy2.400mm,0.43439691281792203,0.5570065792639675,0.4514010181078853,1.000000027099775,0.9999999858317916,0.27122590919154443,0.36635804082100054,"{""amplitude_dip_family"": ""elliptical_input_dip"", ""amplitude_dip_depth"": 0.8, ""amplitude_dip_sigma_x_mm"": 2.5, ""amplitude_dip_sigma_y_mm"": 2.4}"
252,13.455860805594597,elliptical_input_dip,elliptical_dip_d0.800_sx1.000_sy1.500mm,0.5265121024104709,0.4649086814631188,0.43826835212194803,1.0000000145673813,0.9999999796799954,0.22442213592093913,0.45490729390183443,"{""amplitude_dip_family"": ""elliptical_input_dip"", ""amplitude_dip_depth"": 0.8, ""amplitude_dip_sigma_x_mm"": 1.0, ""amplitude_dip_sigma_y_mm"": 1.5}"
253,13.481853943007076,elliptical_input_dip,elliptical_dip_d0.700_sx2.000_sy3.000mm,0.45915631059598255,0.5063022259025025,0.4426361178094796,1.0000000087430685,0.9999999785218114,0.24462503701235266,0.3829474610314646,"{""amplitude_dip_family"": ""elliptical_input_dip"", ""amplitude_dip_depth"": 0.7000000000000001, ""amplitude_dip_sigma_x_mm"": 2.0, ""amplitude_dip_sigma_y_mm"": 3.0}"
254,13.537062714398617,elliptical_input_dip,elliptical_dip_d0.600_sx1.000_sy2.400mm,0.4789914865672056,0.4806396765159125,0.40448656184945264,1.0000000076145859,0.9999999796353803,0.2534155640499055,0.4156807630483936,"{""amplitude_dip_family"": ""elliptical_input_dip"", ""amplitude_dip_depth"": 0.6000000000000001, ""amplitude_dip_sigma_x_mm"": 1.0, ""amplitude_dip_sigma_y_mm"": 2.4}"
255,13.562963436931986,elliptical_input_dip,elliptical_dip_d0.900_sx1.500_sy1.500mm,0.513047978814508,0.4795771120855251,0.47630318930756244,1.0000000241169882,0.9999999772753724,0.21465750781433354,0.46265607247103746,"{""amplitude_dip_family"": ""elliptical_input_dip"", ""amplitude_dip_depth"": 0.9, ""amplitude_dip_sigma_x_mm"": 1.5, ""amplitude_dip_sigma_y_mm"": 1.5}"
256,13.679469579472304,elliptical_input_dip,elliptical_dip_d0.900_sx4.000_sy3.000mm,0.380935999082246,0.6092014784531229,0.510831502248363,1.0000000390811323,0.9999999785338443,0.3546869135950486,0.36124135540836877,"{""amplitude_dip_family"": ""elliptical_input_dip"", ""amplitude_dip_depth"": 0.9, ""amplitude_dip_sigma_x_mm"": 4.0, ""amplitude_dip_sigma_y_mm"": 3.0}"
257,13.7886748938318,elliptical_input_dip,elliptical_dip_d0.700_sx1.500_sy2.100mm,0.4524431356280605,0.49357522621218497,0.4316253241958828,1.000000015546908,0.9999999871409807,0.2489515360770488,0.4090465020179259,"{""amplitude_dip_family"": ""elliptical_input_dip"", ""amplitude_dip_depth"": 0.7000000000000001, ""amplitude_dip_sigma_x_mm"": 1.5, ""amplitude_dip_sigma_y_mm"": 2.1}"
258,13.792260784300874,elliptical_input_dip,elliptical_dip_d0.700_sx1.000_sy1.800mm,0.48365187209512495,0.4700590617005035,0.42333849205926066,1.0000000019453297,0.9999999701402454,0.24653754172645911,0.43594590826022056,"{""amplitude_dip_family"": ""elliptical_input_dip"", ""amplitude_dip_depth"": 0.7000000000000001, ""amplitude_dip_sigma_x_mm"": 1.0, ""amplitude_dip_sigma_y_mm"": 1.8}"
259,14.187693046180177,elliptical_input_dip,elliptical_dip_d0.800_sx2.000_sy2.100mm,0.4253323086629989,0.5076068024043462,0.4705983180478211,1.0000000204478887,0.9999999730981367,0.2694088398337516,0.41050820874193517,"{""amplitude_dip_family"": ""elliptical_input_dip"", ""amplitude_dip_depth"": 0.8, ""amplitude_dip_sigma_x_mm"": 2.0, ""amplitude_dip_sigma_y_mm"": 2.1}"
260,14.319891472342356,elliptical_input_dip,elliptical_dip_d0.900_sx2.000_sy1.800mm,0.447128219185549,0.49758635834096904,0.5068236739598817,1.0000000289692466,0.9999999758122119,0.2608692822153215,0.44447511925754024,"{""amplitude_dip_family"": ""elliptical_input_dip"", ""amplitude_dip_depth"": 0.9, ""amplitude_dip_sigma_x_mm"": 2.0, ""amplitude_dip_sigma_y_mm"": 1.8}"
261,14.458535640693126,elliptical_input_dip,elliptical_dip_d0.900_sx3.000_sy2.400mm,0.3884364168390858,0.5540541349488379,0.5253031552052858,1.0000000370440205,0.9999999764066452,0.3303877470222995,0.40211644950256475,"{""amplitude_dip_family"": ""elliptical_input_dip"", ""amplitude_dip_depth"": 0.9, ""amplitude_dip_sigma_x_mm"": 3.0, ""amplitude_dip_sigma_y_mm"": 2.4}"
262,14.537677575168674,elliptical_input_dip,elliptical_dip_d0.900_sx2.500_sy2.100mm,0.4093337835768181,0.5250843357953435,0.5214211588166935,1.0000000434018494,0.9999999802200609,0.301163369419224,0.42304566262555654,"{""amplitude_dip_family"": ""elliptical_input_dip"", ""amplitude_dip_depth"": 0.9, ""amplitude_dip_sigma_x_mm"": 2.5, ""amplitude_dip_sigma_y_mm"": 2.1}"
263,14.762916998523814,elliptical_input_dip,elliptical_dip_d0.800_sx1.500_sy1.800mm,0.4402261344575861,0.4661009664175543,0.47279432758280493,1.000000026335023,0.999999985272709,0.2583484878773052,0.4504955517060173,"{""amplitude_dip_family"": ""elliptical_input_dip"", ""amplitude_dip_depth"": 0.8, ""amplitude_dip_sigma_x_mm"": 1.5, ""amplitude_dip_sigma_y_mm"": 1.8}"
264,14.83708274697154,elliptical_input_dip,elliptical_dip_d0.600_sx1.000_sy3.000mm,0.45061081822975707,0.4447522096145046,0.43749987665225604,0.9999999975234791,0.9999999771287129,0.28017466885523234,0.4482362124022925,"{""amplitude_dip_family"": ""elliptical_input_dip"", ""amplitude_dip_depth"": 0.6000000000000001, ""amplitude_dip_sigma_x_mm"": 1.0, ""amplitude_dip_sigma_y_mm"": 3.0}"
265,15.079994788542677,elliptical_input_dip,elliptical_dip_d0.800_sx2.500_sy3.000mm,0.3986402841189792,0.4922580247051598,0.5016749547183835,1.00000002312678,0.9999999756042679,0.29177560480077364,0.41006313616247,"{""amplitude_dip_family"": ""elliptical_input_dip"", ""amplitude_dip_depth"": 0.8, ""amplitude_dip_sigma_x_mm"": 2.5, ""amplitude_dip_sigma_y_mm"": 3.0}"
266,15.084368677161924,elliptical_input_dip,elliptical_dip_d0.700_sx1.500_sy2.400mm,0.42213992684178925,0.4592859321644319,0.46332603253476823,1.0000000139072656,0.9999999789814494,0.2723007170395096,0.4369632630678697,"{""amplitude_dip_family"": ""elliptical_input_dip"", ""amplitude_dip_depth"": 0.7000000000000001, ""amplitude_dip_sigma_x_mm"": 1.5, ""amplitude_dip_sigma_y_mm"": 2.4}"
267,15.16057635543037,elliptical_input_dip,elliptical_dip_d0.900_sx1.000_sy1.500mm,0.5109738986089357,0.41273354402111745,0.5011244025762776,1.0000000123766057,0.9999999745794887,0.24612550253128138,0.5103613228691809,"{""amplitude_dip_family"": ""elliptical_input_dip"", ""amplitude_dip_depth"": 0.9, ""amplitude_dip_sigma_x_mm"": 1.0, ""amplitude_dip_sigma_y_mm"": 1.5}"
268,15.537680215711735,elliptical_input_dip,elliptical_dip_d0.700_sx1.000_sy2.100mm,0.4324857876311455,0.4293389015077986,0.4616597815503483,1.0000000080059748,0.9999999725377495,0.2836631759799459,0.47100736828694434,"{""amplitude_dip_family"": ""elliptical_input_dip"", ""amplitude_dip_depth"": 0.7000000000000001, ""amplitude_dip_sigma_x_mm"": 1.0, ""amplitude_dip_sigma_y_mm"": 2.1}"
269,15.89454145855338,elliptical_input_dip,elliptical_dip_d0.800_sx2.000_sy2.400mm,0.3851505583781811,0.46302854962436135,0.5112520528256587,1.0000000231216435,0.9999999772762042,0.2976011032318349,0.44464509257788676,"{""amplitude_dip_family"": ""elliptical_input_dip"", ""amplitude_dip_depth"": 0.8, ""amplitude_dip_sigma_x_mm"": 2.0, ""amplitude_dip_sigma_y_mm"": 2.4}"
270,16.232093016230447,elliptical_input_dip,elliptical_dip_d0.800_sx1.000_sy1.800mm,0.43578561682159844,0.4037466221340216,0.49745728089830676,1.000000015940996,0.9999999793358851,0.28624748886983575,0.5037268512386336,"{""amplitude_dip_family"": ""elliptical_input_dip"", ""amplitude_dip_depth"": 0.8, ""amplitude_dip_sigma_x_mm"": 1.0, ""amplitude_dip_sigma_y_mm"": 1.8}"
271,16.751399791326563,elliptical_input_dip,elliptical_dip_d0.700_sx1.500_sy3.000mm,0.39079949130247343,0.41167349056023333,0.5097568789578375,1.0000000122455073,0.9999999804703443,0.301075975362777,0.47724658788307317,"{""amplitude_dip_family"": ""elliptical_input_dip"", ""amplitude_dip_depth"": 0.7000000000000001, ""amplitude_dip_sigma_x_mm"": 1.5, ""amplitude_dip_sigma_y_mm"": 3.0}"
272,16.812608088686673,elliptical_input_dip,elliptical_dip_d0.700_sx1.000_sy2.400mm,0.39865372771544055,0.3984579586756798,0.49187142597535494,1.0000000088525567,0.9999999750150229,0.3107902230032316,0.4991979181745224,"{""amplitude_dip_family"": ""elliptical_input_dip"", ""amplitude_dip_depth"": 0.7000000000000001, ""amplitude_dip_sigma_x_mm"": 1.0, ""amplitude_dip_sigma_y_mm"": 2.4}"
273,16.875024128679947,elliptical_input_dip,elliptical_dip_d0.900_sx2.500_sy2.400mm,0.35169154507128236,0.4661691269542387,0.5742597294288712,1.0000000413375683,0.9999999769057188,0.34145578475024363,0.46654274837373816,"{""amplitude_dip_family"": ""elliptical_input_dip"", ""amplitude_dip_depth"": 0.9, ""amplitude_dip_sigma_x_mm"": 2.5, ""amplitude_dip_sigma_y_mm"": 2.4}"
274,17.063486277358233,elliptical_input_dip,elliptical_dip_d0.800_sx1.500_sy2.100mm,0.37716241271031953,0.41236470063989666,0.5260421176729435,1.0000000153061863,0.9999999682927592,0.30396465097629344,0.4949416418469017,"{""amplitude_dip_family"": ""elliptical_input_dip"", ""amplitude_dip_depth"": 0.8, ""amplitude_dip_sigma_x_mm"": 1.5, ""amplitude_dip_sigma_y_mm"": 2.1}"
275,17.156118614334293,elliptical_input_dip,elliptical_dip_d0.900_sx1.500_sy1.800mm,0.40300082601751586,0.40022960621793635,0.5567966851696478,1.0000000292835745,0.9999999731380036,0.29131320694466695,0.522840603687417,"{""amplitude_dip_family"": ""elliptical_input_dip"", ""amplitude_dip_depth"": 0.9, ""amplitude_dip_sigma_x_mm"": 1.5, ""amplitude_dip_sigma_y_mm"": 1.8}"
276,17.303289660663204,elliptical_input_dip,elliptical_dip_d0.900_sx2.000_sy2.100mm,0.366133373763328,0.42853939818998077,0.5751536481802707,1.000000032494784,0.9999999733054014,0.31967127665315576,0.4975365939522802,"{""amplitude_dip_family"": ""elliptical_input_dip"", ""amplitude_dip_depth"": 0.9, ""amplitude_dip_sigma_x_mm"": 2.0, ""amplitude_dip_sigma_y_mm"": 2.1}"
277,17.643158099545595,elliptical_input_dip,elliptical_dip_d0.900_sx3.000_sy3.000mm,0.32112338802426976,0.4616279800367957,0.5982143390434131,1.000000031447971,0.9999999798122371,0.37092704338446136,0.46580208926442995,"{""amplitude_dip_family"": ""elliptical_input_dip"", ""amplitude_dip_depth"": 0.9, ""amplitude_dip_sigma_x_mm"": 3.0, ""amplitude_dip_sigma_y_mm"": 3.0}"
278,18.172433864459897,elliptical_input_dip,elliptical_dip_d0.800_sx2.000_sy3.000mm,0.3421999707091967,0.39846339408658193,0.5746111614010059,1.000000014577567,0.9999999759687308,0.3294045173669846,0.4958677650126136,"{""amplitude_dip_family"": ""elliptical_input_dip"", ""amplitude_dip_depth"": 0.8, ""amplitude_dip_sigma_x_mm"": 2.0, ""amplitude_dip_sigma_y_mm"": 3.0}"
279,18.289321407128604,elliptical_input_dip,elliptical_dip_d0.900_sx1.000_sy1.800mm,0.408785232416084,0.34498114824388,0.5717934752788896,1.0000000164529865,0.9999999768105953,0.3194175586168957,0.5642281963635358,"{""amplitude_dip_family"": ""elliptical_input_dip"", ""amplitude_dip_depth"": 0.9, ""amplitude_dip_sigma_x_mm"": 1.0, ""amplitude_dip_sigma_y_mm"": 1.8}"
280,18.31172461362356,elliptical_input_dip,elliptical_dip_d0.800_sx1.000_sy2.100mm,0.3741664991403563,0.35748600789253765,0.5450492439967185,1.0000000139356122,0.9999999746387335,0.33260361363023255,0.5449287954719734,"{""amplitude_dip_family"": ""elliptical_input_dip"", ""amplitude_dip_depth"": 0.8, ""amplitude_dip_sigma_x_mm"": 1.0, ""amplitude_dip_sigma_y_mm"": 2.1}"
281,18.455167204214163,elliptical_input_dip,elliptical_dip_d0.700_sx1.000_sy3.000mm,0.3602333770609818,0.35676313678374505,0.5346000017893052,1.000000009832634,0.9999999670346246,0.34591865166724856,0.5392837775804287,"{""amplitude_dip_family"": ""elliptical_input_dip"", ""amplitude_dip_depth"": 0.7000000000000001, ""amplitude_dip_sigma_x_mm"": 1.0, ""amplitude_dip_sigma_y_mm"": 3.0}"
282,18.781335384127274,elliptical_input_dip,elliptical_dip_d0.800_sx1.500_sy2.400mm,0.3351708510663379,0.3703678984601126,0.5699511119129613,1.000000014886539,0.9999999735916794,0.33655424883314194,0.5315275515209696,"{""amplitude_dip_family"": ""elliptical_input_dip"", ""amplitude_dip_depth"": 0.8, ""amplitude_dip_sigma_x_mm"": 1.5, ""amplitude_dip_sigma_y_mm"": 2.4}"
283,19.666771978540975,elliptical_input_dip,elliptical_dip_d0.900_sx2.000_sy2.400mm,0.3089751320062621,0.3715148007817175,0.6359323413289566,1.0000000290208604,0.999999978019426,0.36154262057090986,0.544327753932223,"{""amplitude_dip_family"": ""elliptical_input_dip"", ""amplitude_dip_depth"": 0.9, ""amplitude_dip_sigma_x_mm"": 2.0, ""amplitude_dip_sigma_y_mm"": 2.4}"
284,19.84127147035706,elliptical_input_dip,elliptical_dip_d0.800_sx1.000_sy2.400mm,0.332438204896887,0.32267823691563124,0.5826886320794016,1.0000000137734997,0.9999999680370749,0.3666210260801188,0.5779400710211662,"{""amplitude_dip_family"": ""elliptical_input_dip"", ""amplitude_dip_depth"": 0.8, ""amplitude_dip_sigma_x_mm"": 1.0, ""amplitude_dip_sigma_y_mm"": 2.4}"
285,19.978743158155662,elliptical_input_dip,elliptical_dip_d0.900_sx1.500_sy2.100mm,0.32567817317322073,0.3369613979376375,0.6266566873636948,1.0000000237322422,0.9999999787783191,0.34946620306264226,0.5767112653668627,"{""amplitude_dip_family"": ""elliptical_input_dip"", ""amplitude_dip_depth"": 0.9, ""amplitude_dip_sigma_x_mm"": 1.5, ""amplitude_dip_sigma_y_mm"": 2.1}"
286,20.276801245342966,elliptical_input_dip,elliptical_dip_d0.900_sx2.500_sy3.000mm,0.28161675592303426,0.37459289330147394,0.6655257576981418,1.0000000225678978,0.9999999765250949,0.38776597745642477,0.5374898633880132,"{""amplitude_dip_family"": ""elliptical_input_dip"", ""amplitude_dip_depth"": 0.9, ""amplitude_dip_sigma_x_mm"": 2.5, ""amplitude_dip_sigma_y_mm"": 3.0}"
287,20.6546004464155,elliptical_input_dip,elliptical_dip_d0.900_sx1.000_sy2.100mm,0.3380881508235564,0.29425697295777004,0.6288980464465493,1.0000000055070317,0.9999999616739147,0.37466865615690065,0.6095375055227794,"{""amplitude_dip_family"": ""elliptical_input_dip"", ""amplitude_dip_depth"": 0.9, ""amplitude_dip_sigma_x_mm"": 1.0, ""amplitude_dip_sigma_y_mm"": 2.1}"
288,21.045381678161604,elliptical_input_dip,elliptical_dip_d0.800_sx1.500_sy3.000mm,0.2876762777253602,0.3122933359396194,0.6350940180485279,1.0000000101333004,0.9999999770067151,0.377918412967574,0.5845423235618693,"{""amplitude_dip_family"": ""elliptical_input_dip"", ""amplitude_dip_depth"": 0.8, ""amplitude_dip_sigma_x_mm"": 1.5, ""amplitude_dip_sigma_y_mm"": 3.0}"
289,21.822962817770772,elliptical_input_dip,elliptical_dip_d0.800_sx1.000_sy3.000mm,0.28343125891161025,0.2762569375613159,0.6358536457988805,1.0000000087374623,0.999999960106461,0.4109437058262796,0.6245684993885949,"{""amplitude_dip_family"": ""elliptical_input_dip"", ""amplitude_dip_depth"": 0.8, ""amplitude_dip_sigma_x_mm"": 1.0, ""amplitude_dip_sigma_y_mm"": 3.0}"
290,22.133907787705443,elliptical_input_dip,elliptical_dip_d0.900_sx1.500_sy2.400mm,0.271943180822853,0.28770735577316253,0.6852151140266197,1.000000024821097,0.9999999685191877,0.3922278253373888,0.621400260589293,"{""amplitude_dip_family"": ""elliptical_input_dip"", ""amplitude_dip_depth"": 0.9, ""amplitude_dip_sigma_x_mm"": 1.5, ""amplitude_dip_sigma_y_mm"": 2.4}"
291,22.403646483948304,elliptical_input_dip,elliptical_dip_d0.900_sx1.000_sy2.400mm,0.2893282231914325,0.25656682782586354,0.6740402246439202,1.000000006390501,0.9999999654542643,0.4155045024050923,0.645615255677476,"{""amplitude_dip_family"": ""elliptical_input_dip"", ""amplitude_dip_depth"": 0.9, ""amplitude_dip_sigma_x_mm"": 1.0, ""amplitude_dip_sigma_y_mm"": 2.4}"
292,22.998116669959494,elliptical_input_dip,elliptical_dip_d0.900_sx2.000_sy3.000mm,0.23945141821067267,0.2884194684542975,0.7341699955432256,1.0000000172574004,0.9999999759460896,0.4138884335817878,0.6165894103900748,"{""amplitude_dip_family"": ""elliptical_input_dip"", ""amplitude_dip_depth"": 0.9, ""amplitude_dip_sigma_x_mm"": 2.0, ""amplitude_dip_sigma_y_mm"": 3.0}"
293,24.67535461339073,elliptical_input_dip,elliptical_dip_d0.900_sx1.000_sy3.000mm,0.23061721741404764,0.20727009203793414,0.7373935128930343,1.000000007555091,0.9999999612308996,0.4691132445152497,0.6959579816550117,"{""amplitude_dip_family"": ""elliptical_input_dip"", ""amplitude_dip_depth"": 0.9, ""amplitude_dip_sigma_x_mm"": 1.0, ""amplitude_dip_sigma_y_mm"": 3.0}"
294,25.033305431114893,elliptical_input_dip,elliptical_dip_d0.900_sx1.500_sy3.000mm,0.2072756950542103,0.22043538927811304,0.7728392023735954,1.000000011170537,0.9999999604995291,0.44831876942716775,0.6861494836916192,"{""amplitude_dip_family"": ""elliptical_input_dip"", ""amplitude_dip_depth"": 0.9, ""amplitude_dip_sigma_x_mm"": 1.5, ""amplitude_dip_sigma_y_mm"": 3.0}"
