z40_rms_waves,z20_rms_waves,envelope_score,footprint_iou,outer_band_rmse,inside_fill_fraction,outside_fraction,size50_x_um,size50_y_um,rectangle_accepted,center_ratio,middle_over_sides,core_rms_fraction,hole_target_score
-1.0,-0.5,25.011090334123438,0.4526834818888678,0.3950638615076679,0.8738255033557047,0.5167037861915368,480.0,220.0,False,1.0008701929919885,1.069566582276452,0.35722378932844767,7.432911747362943
-1.0,-0.46875,24.448216084683146,0.4633943958639178,0.390433163255305,0.8859060402684564,0.5082633432674072,480.0,220.0,False,0.9799098420127951,1.0969510895308077,0.3404838409042781,7.387958953995834
-1.0,-0.4375,24.06158181609881,0.46936172926098324,0.38480737400620074,0.8982306284319708,0.5053423829043747,480.0,220.0,False,0.9694837574407037,1.1291471890683953,0.3234263514416024,7.7131627466651285
-1.0,-0.40625,23.693327411935545,0.4754811073460776,0.3788377925423317,0.9075045759609518,0.5013744552463962,480.0,220.0,False,0.969337802607044,1.1633211299344317,0.3138893112665406,8.33859371368028
-1.0,-0.375,23.529369818039157,0.4771641505828397,0.3739118122336319,0.9140939597315436,0.5014973048512678,480.0,220.0,False,0.977497727921065,1.196167832206731,0.3168398061120135,9.126180646444585
-1.0,-0.34375,23.38439313446693,0.47890094549146517,0.37179424084226415,0.9209273947528981,0.5016179092650069,480.0,220.0,False,0.990560302355188,1.2243748234956124,0.3303617514989823,9.925953658383165
-1.0,-0.3125,23.208770634073403,0.481504980648436,0.37383780792193827,0.9284929835265405,0.4989793902679924,480.0,220.0,False,1.0042657988603452,1.2451953031186294,0.3471577698043658,10.597764234826057
-1.0,-0.28125,22.96547333819948,0.4862106130729728,0.3801053501975683,0.9397193410616229,0.49597486746514824,480.0,220.0,False,1.014263128264735,1.2569837109473745,0.35966920539020697,11.02240016225597
-1.0,-0.25,23.143162683879012,0.48402606440184726,0.38902356488989764,0.937522879804759,0.49767898005884276,480.0,220.0,False,1.016918681192987,1.2595127817050664,0.36375319318347266,11.12653879461534
-1.0,-0.21875,23.404315919239284,0.4800025193676387,0.397900310881402,0.9338621110433191,0.5009455493968047,480.0,220.0,False,1.0099838374445465,1.2539484762275663,0.35965355167542823,10.902304388363513
-1.0,-0.1875,23.63518033896065,0.47673320319879103,0.4039909402204915,0.9277608297742526,0.5027143698083589,480.0,220.0,False,0.9929826825841058,1.242497105987327,0.35110123031067686,10.406021706212679
-1.0,-0.15625,23.79408611662875,0.4746823440166888,0.40552538085998235,0.9201952410006101,0.5027365644576327,480.0,220.0,False,0.9672306964827511,1.2278505817042464,0.3431422608118892,9.739036815162436
-1.0,-0.125,23.805666214317185,0.47468716254843424,0.4023024810133056,0.9158023184868822,0.5014282867202551,480.0,220.0,False,0.9355228647776037,1.2126294835806266,0.33938577281928867,9.022173630713644
-1.0,-0.09375,23.703876660511924,0.47578746420617246,0.395714284644082,0.9162904209884075,0.5003659591456517,480.0,220.0,False,0.9015754008496023,1.1989572373137722,0.34021935905108247,8.369597557670426
-1.0,-0.0625,23.876925788584522,0.47168609465571054,0.3881830138391501,0.9075045759609518,0.5022421524663677,480.0,220.0,False,0.8693797264415771,1.1882459848192903,0.34340636145788694,7.8628970783187935
-1.0,-0.03125,24.161119194769036,0.4651310362332635,0.3821063194611982,0.8983526540573521,0.5067667157979365,480.0,220.0,False,0.8425899582647174,1.181168324951976,0.3463855716775693,7.533700859571237
-1.0,0.0,24.091410793613612,0.46487303887593723,0.37867905661472706,0.9042098840756558,0.5088161209068011,480.0,220.0,False,0.8240664790339037,1.1777792252601005,0.3481594942972064,7.3701789682574255
-1.0,0.03125,23.987924774671637,0.4659012485099442,0.3772454041031486,0.9100671140939597,0.5094066570188133,480.0,220.0,False,0.8156021431454981,1.1777017938364327,0.3494691948022236,7.342116008661338
-1.0,0.0625,24.031342405923795,0.46399401458943823,0.37565647660027573,0.912019524100061,0.5120772946859904,480.0,220.0,False,0.8178410655495901,1.1803234573231878,0.3514183640633279,7.423233147168504
-1.0,0.09375,23.95023988681993,0.4643056849953402,0.37141854990396606,0.9158023184868822,0.5128205128205128,480.0,220.0,False,0.830339895211536,1.184944305038419,0.35380323347197856,7.598181286701233
-1.0,0.125,23.869033388574916,0.46492153092239935,0.36293203945752556,0.9165344722391702,0.5139455121982787,480.0,220.0,False,0.8517214979138451,1.1908494304369228,0.3547670191915789,7.858377266759657
-1.0,0.15625,23.734055896665293,0.4659380239706887,0.35025633103584497,0.9165344722391702,0.5136307712232079,480.0,220.0,False,0.8798734830481687,1.1973050098666662,0.3523590135180474,8.196804954887071
-1.0,0.1875,23.63007426295841,0.46499412964221715,0.33519139966427713,0.9187309334960342,0.515664200707623,480.0,220.0,False,0.9121631878894445,1.2035063120340104,0.34688603989449246,8.604432875021537
-1.0,0.21875,23.401261957273398,0.4672937681787239,0.3206888212075116,0.9214154972544234,0.5143114427220685,480.0,220.0,False,0.9456689380334226,1.2085263646625213,0.34212614887642023,9.061677815104243
-1.0,0.25,23.099405266503787,0.47020685396727385,0.30974588422476357,0.9306894447834045,0.5125583178884131,480.0,220.0,False,0.9774382103707944,1.2113192020579868,0.34366856692720993,9.52792583951338
-1.0,0.28125,22.917625792328277,0.47062067275289504,0.30419642733896435,0.9411836485661988,0.5130374392322747,480.0,220.0,False,1.0047696032124627,1.2108059937683537,0.35437720476098256,9.942818658643127
-1.0,0.3125,22.824391280466692,0.47180646343698457,0.3040812624664564,0.9463087248322147,0.5131521124992152,480.0,220.0,False,1.0255158694968034,1.206047108581529,0.3708095219839812,10.235103159321831
-1.0,0.34375,22.77567959679342,0.4730611995850876,0.3080223196050626,0.9499694935936547,0.5127980474372614,480.0,220.0,False,1.0383554888751547,1.196460332542778,0.384743061651336,10.329319686294879
-1.0,0.375,23.02930973719003,0.4690104008272003,0.3142206508229097,0.9448444173276388,0.5157295640753018,480.0,220.0,False,1.0429950638176595,1.1820245846472897,0.3880956944162923,10.166439577945566
-1.0,0.40625,23.39976700871697,0.4633375858088816,0.3212890685075367,0.934594264795607,0.5190580847723705,480.0,220.0,False,1.0402144150134809,1.163391984059527,0.3771447787879816,9.740042477706124
-1.0,0.4375,24.12887031603469,0.45165015498693245,0.328503789560831,0.9106772422208664,0.5252846511036193,480.0,220.0,False,1.031748116902028,1.1418716608880712,0.3546442505350881,9.119223337088597
-1.0,0.46875,24.495257030151873,0.44532335003924883,0.3355665284558632,0.9038438071995119,0.5304000507195841,480.0,220.0,False,1.0199775993964502,1.1192743338250637,0.3297302181067059,8.428907780862053
-1.0,0.5,24.175517506518705,0.45212605092844615,0.3421756333554955,0.9160463697376449,0.5262227832123698,480.0,220.0,False,1.0075023404208638,1.0976520091691933,0.31434607120208674,7.792996766390134
-0.875,-0.5,27.60917113302211,0.4062850067802606,0.4610275334946218,0.8447834045149482,0.5587354197208235,480.0,220.0,False,1.3450793469511493,1.1019721697073175,0.3979261592768724,15.454477936226798
-0.875,-0.46875,27.238961687364508,0.40894361633182114,0.43588635615040167,0.8508846857840147,0.5572979493365501,480.0,220.0,False,1.3166199278407758,1.0862444536228255,0.3800419060182762,14.600555789749086
-0.875,-0.4375,27.197597091924408,0.40667490729295425,0.41588395993738597,0.8469798657718121,0.5588814744200826,480.0,220.0,False,1.280628807910613,1.073064062864866,0.3682256266136915,13.615869836136934
-0.875,-0.40625,26.98135020959897,0.4080469897209985,0.40151435014662,0.8516168395363026,0.558542602315137,480.0,220.0,False,1.2407994228991988,1.064673838283055,0.36269711029875296,12.603115351592985
-0.875,-0.375,26.763910667567245,0.41028799343069977,0.3924620147541172,0.8574740695546065,0.557521566651974,480.0,220.0,False,1.2012999414848384,1.0624726887846192,0.3601077698742073,11.664460574337063
-0.875,-0.34375,26.744834919408838,0.4097861119249927,0.38752787567367675,0.8572300183038438,0.5580371185907518,480.0,220.0,False,1.1660837587342199,1.0669835584204823,0.35571606188101396,10.888862263395247
-0.875,-0.3125,26.30794312035405,0.4179201321300065,0.3847604690275834,0.8679682733374009,0.5519370078740158,480.0,220.0,False,1.1383133501781448,1.077925105007229,0.3460359577237906,10.345441730738463
-0.875,-0.28125,25.736839143872395,0.4299719050750194,0.3818140615091558,0.8787065283709579,0.5430547623580176,480.0,220.0,False,1.119964899090891,1.094353132553017,0.33052506303450196,10.08164134528099
-0.875,-0.25,25.220494371032668,0.4403197480772725,0.3764857898301047,0.887248322147651,0.5345368414314065,480.0,220.0,False,1.1116445457678115,1.1148475821729118,0.31203665680388465,10.115148966370802
-0.875,-0.21875,24.832928290259794,0.44718331396415684,0.36734845161525587,0.8921293471629043,0.5282312705684972,480.0,220.0,False,1.1126010822712022,1.1377228981655145,0.2959269857434902,10.4187311589247
-0.875,-0.1875,24.33173329914206,0.45446740663518737,0.35436574669939186,0.9043319097010373,0.523561555769849,480.0,220.0,False,1.1209071319784694,1.161243365690619,0.28747360112764975,10.918846081379305
-0.875,-0.15625,23.826985676588652,0.46159050372101607,0.3393016298045406,0.9158023184868822,0.5189410935196461,480.0,220.0,False,1.1337549916115695,1.1838130436469245,0.2884229649695416,11.518348664718156
-0.875,-0.125,23.226098422398245,0.4711306392722322,0.325592513033804,0.9289810860280658,0.5122685630085207,480.0,220.0,False,1.1478172705417036,1.2041131654171984,0.29577770330152625,12.119449954146075
-0.875,-0.09375,22.721402476347418,0.48023727755229473,0.3172599865226646,0.9384990848078096,0.505179180338416,480.0,220.0,False,1.159619875515647,1.2211662972645174,0.3044303263160283,12.630908897757188
-0.875,-0.0625,22.502103009459397,0.4841900945463653,0.3168758867664444,0.9446003660768761,0.5018982047487291,480.0,220.0,False,1.165906488454409,1.2343406765457356,0.31072679306969586,12.973668337809436
-0.875,-0.03125,22.478434748302245,0.4848731600375822,0.3238160091255131,0.9480170835875534,0.5001608441098887,480.0,220.0,False,1.1639699852638952,1.2433103123654714,0.3138973830490348,13.08994153296465
-0.875,0.0,22.781982637418345,0.47959500590098764,0.33448675813115947,0.9460646735814521,0.5048221242894552,480.0,220.0,False,1.1519527427510965,1.2480147324080624,0.31503861649732523,12.94894596592885
-0.875,0.03125,23.112330930709113,0.47375546120238754,0.3443763411062199,0.9433801098230629,0.5102932792804206,480.0,220.0,False,1.1290978536145917,1.2486407849538075,0.3149422739105952,12.548363467035367
-0.875,0.0625,22.963693936363107,0.47704787070607757,0.3501997458812441,0.951189749847468,0.508914508914509,480.0,220.0,False,1.0959227869168204,1.2456296233684843,0.3127331116783674,11.915554703423611
-0.875,0.09375,23.093863325622095,0.4745232693604758,0.3510305862785199,0.9482611348383161,0.5107963487566887,480.0,220.0,False,1.0542741025679754,1.239698116579739,0.30673473991117045,11.110480991714898
-0.875,0.125,23.574883238784405,0.4652799021107372,0.3483189283689867,0.9319097010372178,0.5162475454487869,480.0,220.0,False,1.0072058365194656,1.2318387039706824,0.29706107847922464,10.227172172226382
-0.875,0.15625,23.575252036601498,0.46488703851099,0.34495102543187756,0.9304453935326419,0.5162722831948233,480.0,220.0,False,0.9586598162581146,1.2232792097653173,0.28783446175876054,9.383710805135866
-0.875,0.1875,23.579017784971683,0.464589581930587,0.34362994124562896,0.9300793166564979,0.5164932758183203,480.0,220.0,False,0.9129559376945586,1.2153826982269225,0.2863310694503885,8.693190763368483
-0.875,0.21875,23.37822831675491,0.4691981044987384,0.3453233568487611,0.934228187919463,0.512667091024825,480.0,220.0,False,0.8741704462921575,1.2094997287442386,0.2974742927857814,8.235091682344079
-0.875,0.25,23.213659440043603,0.4718124502662668,0.3488102390867149,0.9444783404514948,0.5126558367963733,480.0,220.0,False,0.8455205550032874,1.2067863276975304,0.3181097205253457,8.039238434833885
-0.875,0.28125,23.202794318327545,0.4722680853665994,0.3516087571924961,0.9463087248322147,0.5126626029032866,480.0,220.0,False,0.828899500793054,1.2080186618000521,0.33856497538210417,8.066286527049037
-0.875,0.3125,23.22089222532504,0.4716981132075472,0.3514324529619083,0.9465527760829774,0.5133320785494698,480.0,220.0,False,0.8246663855798391,1.2134331852018911,0.3493190104139236,8.228422161741973
-0.875,0.34375,23.373235587894612,0.4681954015978533,0.3471791545032877,0.9406955460646735,0.5154924266230909,480.0,220.0,False,0.8317214764321238,1.222605007285608,0.3461263016926793,8.4620613158838
-0.875,0.375,23.509687379725932,0.46517458570292913,0.33916414382896304,0.9316656497864552,0.5166803823510793,480.0,220.0,False,0.8478221123830438,1.234397880876825,0.33203733346058095,8.763849863241957
-0.875,0.40625,23.07977108640866,0.471232039131764,0.3288338444196514,0.9438682123245882,0.5134914145543745,480.0,220.0,False,0.870034876401205,1.2470130778010917,0.31658603252589096,9.146517023486567
-0.875,0.4375,22.867206469687943,0.4739554573900239,0.31824170155659043,0.9460646735814521,0.5111909715654751,480.0,220.0,False,0.8952049645060813,1.2581674969652112,0.31095617560897554,9.578330988110606
-0.875,0.46875,22.654497738715513,0.47612333721571753,0.3093954199913483,0.9516778523489933,0.5100207325501037,480.0,220.0,False,0.9203619184784371,1.265433860673964,0.31966869613287613,9.986106872227554
-0.875,0.5,22.76239361386002,0.47237619540719983,0.3035569754298965,0.9502135448444173,0.5135861078143544,480.0,220.0,False,0.9430124798839293,1.2667014430917636,0.3368347005681755,10.288604652006546
-0.75,-0.5,28.131824578138225,0.43284624788961984,0.7220285625820712,0.9111653447223917,0.5460514316979755,480.0,220.0,False,1.4437052747708277,1.094973590042207,0.46339224980506033,17.97445068279306
-0.75,-0.46875,27.731451562034408,0.4385515514932759,0.7138884822267483,0.9231238560097621,0.5428174291412341,480.0,220.0,False,1.4701904348330785,1.1175140791270985,0.4463621001848469,18.675590289865536
-0.75,-0.4375,27.629979209159814,0.4378529428887466,0.6968286017908105,0.921659548505186,0.5432113698215906,480.0,220.0,False,1.4939960177361389,1.1357700890440345,0.4332790603128351,19.31551424459775
-0.75,-0.40625,27.31502907021776,0.43971589916749143,0.6720545444027632,0.9255643685173887,0.542162129534617,480.0,220.0,False,1.5117599404263824,1.1481363434929575,0.42207658049368646,19.785348107880647
-0.75,-0.375,27.052152100031677,0.43983233393491294,0.6413228535856986,0.9258084197681513,0.5420966865833786,480.0,220.0,False,1.5206776991750308,1.1540466061394903,0.4092492832101043,19.997690969849845
-0.75,-0.34375,26.90303318530092,0.4373872038190604,0.6063391368099909,0.9206833435021354,0.5434743147576693,480.0,220.0,False,1.5189510025475652,1.1539438251398506,0.39272940313176635,19.90651736034525
-0.75,-0.3125,26.95312266670216,0.4310997263782966,0.5683570375187277,0.9075045759609518,0.547049150374566,480.0,220.0,False,1.5060178043184418,1.1490341051854305,0.37379152266646326,19.51284505668864
-0.75,-0.28125,26.822988790603567,0.42760668335565,0.5282699139810445,0.900183038438072,0.5490555657436273,480.0,220.0,False,1.482583656747268,1.1409409503665746,0.35663720234379037,18.856348882737016
-0.75,-0.25,26.25710108287209,0.43184073792982663,0.48718505087684333,0.9065283709579012,0.5459878995294262,480.0,220.0,False,1.4505098423694343,1.1313830256542525,0.34560219751903426,18.001212234991993
-0.75,-0.21875,25.83485608613426,0.4333586315605114,0.44712758886194165,0.9097010372178157,0.5451217279882848,480.0,220.0,False,1.4126034585913139,1.1219443145226606,0.3417356186364795,17.0259018047273
-0.75,-0.1875,25.483034053313844,0.4342066872848223,0.41131190677742835,0.9118974984746797,0.544745659457813,480.0,220.0,False,1.372333859268338,1.1139574458232635,0.34194065540612556,16.017156437920057
-0.75,-0.15625,25.283531346468948,0.43370891470605405,0.38341694356770634,0.9104331909701037,0.5449222323879231,480.0,220.0,False,1.3334605141961369,1.1084610182448518,0.34164816602844966,15.063677028350245
-0.75,-0.125,25.258749814523263,0.43160721583279815,0.3657499263302973,0.9060402684563759,0.5461214010636347,480.0,220.0,False,1.2995877505918068,1.1062047544535696,0.3381708934181027,14.250826328320064
-0.75,-0.09375,25.166639747086204,0.4321276222754631,0.3573906984785547,0.9062843197071385,0.545610278372591,480.0,220.0,False,1.273670616436835,1.1076642927744635,0.3319193267868545,13.653619616791733
-0.75,-0.0625,25.02623669991671,0.43418513537220044,0.354206360000698,0.9099450884685784,0.5442767218725173,480.0,220.0,False,1.2575581434706908,1.1130537726716732,0.3250402026263615,13.323282088291402
-0.75,-0.03125,24.874854735939067,0.4368886546008317,0.35104206811164296,0.913117754728493,0.5428553973975198,480.0,220.0,False,1.2516736474411967,1.1223289625011108,0.3188066308230397,13.272483294591643
-0.75,0.0,24.323684057445362,0.4464610866372981,0.34424672697275294,0.9284929835265405,0.5378120634149305,480.0,220.0,False,1.2549242671075977,1.135181397180251,0.31211121793753555,13.470813354607769
-0.75,0.03125,23.989767421703938,0.45145888594164457,0.332962507569236,0.934594264795607,0.5347184253690541,480.0,220.0,False,1.264882996317718,1.151028211952305,0.3026857496272607,13.854127956915727
-0.75,0.0625,23.791379795905794,0.453416149068323,0.3189716154285405,0.9353264185478951,0.5328213567379777,480.0,220.0,False,1.2782031360996495,1.168997975519606,0.29010059120733456,14.340286783517994
-0.75,0.09375,23.477342469820808,0.45821153731432324,0.3054993279720665,0.9372788285539964,0.5282230821202629,480.0,220.0,False,1.2911681643377497,1.1879267682678092,0.2779619339180749,14.840141938919366
-0.75,0.125,22.94613803961409,0.4672599362636041,0.2955170541873457,0.9482611348383161,0.521460681076421,480.0,220.0,False,1.300249818086473,1.206382424446016,0.2728446367054433,15.2627505923426
-0.75,0.15625,22.543057181006766,0.4749226757232094,0.290331240689027,0.9555826723611959,0.5153184378288048,480.0,220.0,False,1.3025626517774784,1.222752264496399,0.2790529066565717,15.526787667141488
-0.75,0.1875,22.24780326083463,0.4799391171993912,0.289254823575256,0.9638804148871263,0.5107463611025085,480.0,220.0,False,1.2961465283404814,1.2354155488835143,0.29352060746460884,15.5731328746735
-0.75,0.21875,22.118422745295387,0.4815624810157342,0.29040808447942246,0.9707138499084808,0.5097072419106318,480.0,220.0,False,1.2800798408175658,1.243012052342691,0.3073193515663125,15.36176707203866
-0.75,0.25,22.20344681055911,0.4799975717841316,0.2918705002426818,0.9687614399023795,0.5104519948202504,480.0,220.0,False,1.254456032027474,1.2447622289666747,0.311547859311031,14.870399829950864
-0.75,0.28125,22.19103551753431,0.48046424014097344,0.292506361688057,0.9687614399023795,0.5099685204616999,480.0,220.0,False,1.2202945194546961,1.24075613674157,0.3016582750596542,14.112092202065304
-0.75,0.3125,22.794057449124395,0.4695710211758995,0.29233673036578245,0.9482611348383161,0.5160366195428785,480.0,220.0,False,1.1794263897333928,1.232099338984661,0.2791805539385317,13.152510520917593
-0.75,0.34375,23.125174924370825,0.4630669807332246,0.2924747781822852,0.9394752898108603,0.5206400597721188,480.0,220.0,False,1.1343677430764862,1.220834472999638,0.25193919395455283,12.101166075119735
-0.75,0.375,23.31533721894308,0.4589053414063905,0.29452046905286206,0.9380109823062843,0.524701663265937,480.0,220.0,False,1.0881605341349092,1.2096327360128136,0.23227934486709317,11.073362792952281
-0.75,0.40625,23.308118805406302,0.4594626937114821,0.2994773841353076,0.9409395973154362,0.5248628997473658,480.0,220.0,False,1.0441279432211041,1.201313979751016,0.2303901598060692,10.166089418886656
-0.75,0.4375,23.22492790465568,0.4612133119009347,0.30680644425856435,0.9492373398413667,0.5251205665099811,480.0,220.0,False,1.0054996149802677,1.1982930736132014,0.24530048738962643,9.483360196175843
-0.75,0.46875,23.006290133299782,0.46561443066516345,0.31442809520043064,0.9614399023794997,0.5235532442401887,480.0,220.0,False,0.974920072393408,1.2020612614393043,0.26665010821164237,9.120184337155388
-0.75,0.5,22.979827508315196,0.4660291600259725,0.3197714792526057,0.9672971323978036,0.5245606669465603,480.0,220.0,False,0.9539088367547076,1.2127820258515538,0.28468140311060564,9.092863541652893
-0.625,-0.5,26.821204200910284,0.43325665074028197,0.5543962653042007,0.900183038438072,0.5427951657886582,480.0,220.0,False,0.9943463685073178,1.0694319286328113,0.4189310338404185,7.759253266546973
-0.625,-0.46875,27.06798543700903,0.4335239667472437,0.5863398617550921,0.9011592434411226,0.5427527707262708,480.0,220.0,False,1.0337674225118092,1.0631354789820608,0.4281195431890819,8.485693049769392
-0.625,-0.4375,27.022231749451834,0.43911482549585074,0.6215248280962873,0.9143380109823063,0.5399963165326294,480.0,220.0,False,1.07373113161158,1.062241568920882,0.43565421116698144,9.322787951057967
-0.625,-0.40625,27.120945658701054,0.44219364687922025,0.6571941134048344,0.9228798047589994,0.5388133422769681,480.0,220.0,False,1.116070101421938,1.066717254722186,0.43995605562745577,10.271129703252475
-0.625,-0.375,27.841474434363967,0.43400198842037546,0.6906372275917249,0.909456985967053,0.5443540991624382,480.0,220.0,False,1.1622031336848715,1.0761413965544955,0.4412765578570209,11.349828961014133
-0.625,-0.34375,28.311742809162748,0.4295204242177029,0.7193899402860867,0.9033557046979865,0.5477426843423544,480.0,220.0,False,1.2127248665792019,1.089737108243394,0.4411813859508893,12.57306088299487
-0.625,-0.3125,28.61423220541473,0.4273738138208069,0.7415869347189346,0.8996949359365467,0.549189850198716,480.0,220.0,False,1.2670886145208837,1.1064217740136963,0.4410824687307955,13.92570468355702
-0.625,-0.28125,28.71562319967045,0.42772311812307157,0.7562021006546207,0.9004270896888347,0.5489884481388668,480.0,220.0,False,1.3234950804457881,1.1248842131927423,0.44080198846747237,15.352088298425933
-0.625,-0.25,28.500160370996085,0.4323805088199336,0.7629687795669184,0.910189139719341,0.5463171339942826,480.0,220.0,False,1.3790657038487804,1.1436901316803207,0.4383897685961974,16.763071022655655
-0.625,-0.21875,28.179482377807435,0.43773650812132503,0.7619550322836456,0.9214154972544234,0.5432770821992379,480.0,220.0,False,1.4302931190370234,1.1613999070932388,0.4314441546394523,18.055934218703662
-0.625,-0.1875,27.68498732466123,0.4449554637014613,0.7530357497694457,0.9365466748017084,0.5392327549978988,480.0,220.0,False,1.4736724431959307,1.1766790077834974,0.4188593209842436,19.136699421873953
-0.625,-0.15625,27.55358016458499,0.44472259416661813,0.7356418450995351,0.9360585723001831,0.5393622770671951,480.0,220.0,False,1.506343872135354,1.188384861784267,0.401645018323404,19.935561334371677
-0.625,-0.125,27.42662423823771,0.44309250742271644,0.7090291980033389,0.9326418547895058,0.5402706766917293,480.0,220.0,False,1.5265778412992712,1.195636428083806,0.38224066286495395,20.412666147942353
-0.625,-0.09375,27.07189869959058,0.44402398556208883,0.6729643725195678,0.934594264795607,0.539751216873986,480.0,220.0,False,1.5339856596937032,1.197880951927002,0.3628406077110494,20.55773885423239
-0.625,-0.0625,26.727995915265822,0.4435582464924026,0.6284451062077053,0.9336180597925564,0.5400108218601575,480.0,220.0,False,1.5294503296657542,1.1949825201685462,0.3441265568168802,20.388562717001157
-0.625,-0.03125,26.308273460320265,0.4435582464924026,0.5780784116142386,0.9336180597925564,0.5400108218601575,480.0,220.0,False,1.51485370844171,1.187324967580954,0.32568746676900706,19.94940952120273
-0.625,0.0,25.799688268675677,0.4450078685084805,0.5259349026449175,0.9355704697986578,0.5389379998797282,480.0,220.0,False,1.49273697926106,1.1758974719097846,0.3079448544947395,19.307895006731947
-0.625,0.03125,25.221916337671516,0.44809476571161816,0.4768831924504239,0.9409395973154362,0.5369603074521108,480.0,220.0,False,1.4660019355227283,1.1623033509687537,0.29384714765271386,18.548062589291774
-0.625,0.0625,24.777893817759562,0.44983365435125194,0.43546112479662286,0.9443563148261135,0.5359477124183006,480.0,220.0,False,1.4377061085388745,1.1486452827958313,0.28819836356870504,17.76124759162135
-0.625,0.09375,24.34344139359619,0.4528687328547248,0.40444895763476413,0.9507016473459426,0.5342817861199115,480.0,220.0,False,1.4109125752851164,1.1372708546546642,0.2938194466989692,17.040283505004968
-0.625,0.125,24.056975523594193,0.4547575987398635,0.3837159420643313,0.9550945698596706,0.5333571811840457,480.0,220.0,False,1.3885139918563125,1.1304118035512631,0.3077004751778861,16.473707118297096
-0.625,0.15625,23.82047377590798,0.45686789151356083,0.370263552274107,0.959731543624161,0.5322628605411834,480.0,220.0,False,1.372950903067504,1.1297734368481667,0.321907299869378,16.12831516055399
-0.625,0.1875,23.73533362205078,0.4570410606857076,0.359724670085636,0.9587553386211104,0.5318477030328308,480.0,220.0,False,1.3658072942968846,1.136144256285693,0.32823660325917303,16.032852241669996
-0.625,0.21875,23.453900435867098,0.46049014446979003,0.34836694776399296,0.9646125686394142,0.5296602606057,480.0,220.0,False,1.3673668739510423,1.1491060822577235,0.32235602210754927,16.180723391547907
-0.625,0.25,23.552733919974557,0.45733888465372663,0.33447390612947714,0.9550945698596706,0.5310084486787704,480.0,220.0,False,1.3762862144461185,1.1669243059883598,0.3058509001087666,16.535669002910513
-0.625,0.28125,23.46538409677289,0.4570236766347453,0.31868832343272,0.9521659548505186,0.5309851535733606,480.0,220.0,False,1.3895948158798899,1.1867256554144945,0.286021270439381,17.021624978315312
-0.625,0.3125,23.235052126899397,0.4592876067118045,0.30335173579945574,0.9543624161073826,0.5295073091499729,480.0,220.0,False,1.4031363591571706,1.2050119321183674,0.27252321484105624,17.514781992888093
-0.625,0.34375,22.77752755549462,0.4657073774842248,0.29103197614270493,0.9660768761439903,0.5256725181235397,480.0,220.0,False,1.4124432609288216,1.218474569339474,0.27087492828305076,17.87161650055373
-0.625,0.375,22.54389236087861,0.46807381640233475,0.28286325846604565,0.9726662599145821,0.52374977594551,480.0,220.0,False,1.4138195250168573,1.2248878368524556,0.278343089394939,17.978747605754204
-0.625,0.40625,22.426612794038743,0.4692747304542509,0.2778580831222612,0.9758389261744966,0.5232786885245901,480.0,220.0,False,1.405287217426392,1.223749559307658,0.28762811724542114,17.78294275111953
-0.625,0.4375,22.37291345442283,0.469628233076062,0.2738535461275001,0.9765710799267846,0.5230915916810679,480.0,220.0,False,1.3870670891795247,1.2163985569224567,0.29281970525995954,17.29919340723094
-0.625,0.46875,22.101864266383185,0.4733376447762949,0.2692897530790605,0.986333129957291,0.5216310587678286,480.0,220.0,False,1.36141505731648,1.2055595307474434,0.2911834740918919,16.604474245342928
-0.625,0.5,21.992644464350036,0.47441395922683743,0.2644057315195173,0.9892617449664429,0.5212307328884427,480.0,220.0,False,1.3318741882583294,1.194529904296152,0.2818972788878787,15.815004284541576
-0.5,-0.5,31.506047662943484,0.400094445428251,0.8841606288279804,0.8309945088468579,0.5622267935201851,480.0,220.0,False,0.49789996191418656,1.149842636336934,0.4726988023006343,10.340729370637307
-0.5,-0.46875,30.495373617605125,0.40283746394301523,0.7845771636296922,0.8389261744966443,0.56117954937129,480.0,220.0,False,0.5165375927413806,1.152076197786151,0.46326403373229513,9.989296846523258
-0.5,-0.4375,29.695395302543194,0.4031850502438738,0.6926248161999974,0.8411226357535082,0.5613744829780465,480.0,220.0,False,0.5389119375730496,1.1495501329352344,0.4551511315298292,9.526509183598504
-0.5,-0.40625,29.129939834873237,0.4015618577887382,0.6141078687506591,0.838438071995119,0.5625517285286815,480.0,220.0,False,0.5640091886278689,1.143732492306538,0.4474225762514227,8.985235480189182
-0.5,-0.375,28.288041123511814,0.4074074074074074,0.5544799776893109,0.8508846857840147,0.559089472020234,480.0,220.0,False,0.5913582368025867,1.1360446565608462,0.43951967806819325,8.395894981915392
-0.5,-0.34375,27.61988846857142,0.41362916006339145,0.5179525117595297,0.8638194020744356,0.5553671251805791,480.0,220.0,False,0.6209595740399393,1.127695227952121,0.4312727602825438,7.786753523658563
-0.5,-0.3125,27.306532753429565,0.41737649063032367,0.5058193361377253,0.8708968883465528,0.5529595991230818,480.0,220.0,False,0.6531128974077071,1.1196386284641224,0.4228222052680776,7.188694717805021
-0.5,-0.28125,27.310974314725314,0.41873861164991477,0.5153227618476968,0.873215375228798,0.5520220358081883,480.0,220.0,False,0.6882463135737295,1.1126356461232723,0.4145745270571413,6.643547806360092
-0.5,-0.25,27.20867818678933,0.42443881458787486,0.5406059048690992,0.8829774252593044,0.548145372798801,480.0,220.0,False,0.7268201328558043,1.107368940738675,0.4072371997526619,6.213906646938383
-0.5,-0.21875,26.897850471878993,0.4347851712147109,0.5750534108465747,0.9040878584502745,0.5421172980656326,480.0,220.0,False,0.7693191478593446,1.1045531955883257,0.4018211808202432,5.987994897687797
-0.5,-0.1875,26.82027154872005,0.4416986139781775,0.6130847880715472,0.9177547284929836,0.5380504882992445,480.0,220.0,False,0.8162909775404144,1.104985446607647,0.39936992424044393,6.066359592632634
-0.5,-0.15625,26.877305946104453,0.4459961110129044,0.6507299927041648,0.9275167785234899,0.5358734811015449,480.0,220.0,False,0.8683446841506887,1.1094925643379847,0.4003101970981451,6.524062804379055
-0.5,-0.125,27.05393297067752,0.44767954826186696,0.6854458437830967,0.9326418547895058,0.5353516931120433,480.0,220.0,False,0.926026237088269,1.1187658073543534,0.40380539532899745,7.375882301119506
-0.5,-0.09375,27.259962303372323,0.4481018600011735,0.715687086937951,0.9358145210494204,0.5356905006962523,480.0,220.0,False,0.9895236706798685,1.1330989801497742,0.407842486801436,8.579464325160817
-0.5,-0.0625,27.512119966824994,0.446855805791167,0.7404853884561351,0.9360585723001831,0.5370828555910929,480.0,220.0,False,1.058243191917966,1.1520904173419624,0.4103302157111041,10.061171446446043
-0.5,-0.03125,27.618906436308855,0.44746218094737455,0.7591258770402187,0.9387431360585723,0.5370960948312172,480.0,220.0,False,1.130387474346675,1.1744022087630412,0.4104887751224225,11.72879574815044
-0.5,0.0,27.76521738018656,0.44651298511817916,0.7709357710792987,0.937522879804759,0.5378090597365096,480.0,220.0,False,1.2027470442016033,1.1977048087138453,0.409258730789755,13.466204525020117
-0.5,0.03125,27.818960957817772,0.44591367157919265,0.7751811913937366,0.9380109823062843,0.538567741160934,480.0,220.0,False,1.2709073785244247,1.2189291140228544,0.4079788239990772,15.128571699390077
-0.5,0.0625,27.74057225826136,0.44658555044536297,0.771078651731002,0.9399633923123856,0.5383278393766856,480.0,220.0,False,1.3299581883953857,1.234867831120385,0.4061767493632245,16.555530858847955
-0.5,0.09375,27.52295750360569,0.4484485067241078,0.7579566961415982,0.9438682123245882,0.5372973619668601,480.0,220.0,False,1.3755949614527339,1.2430143207305606,0.40071244251805965,17.60471075631082
-0.5,0.125,27.241883799518405,0.45007859346800955,0.7355908435207537,0.9472849298352654,0.5363989250522544,480.0,220.0,False,1.4052832520333394,1.2423453295648694,0.3875148623145644,18.19363178865783
-0.5,0.15625,27.2818782828586,0.4449554637014613,0.7046626647531299,0.9365466748017084,0.5392327549978988,480.0,220.0,False,1.41907366699581,1.2337051901277045,0.36453200824966236,18.33110039204427
-0.5,0.1875,27.1183373126287,0.44239389881818714,0.6671571026142484,0.9311775472849299,0.5406609281887679,480.0,220.0,False,1.4197405503913925,1.2195988192310163,0.3336426970556634,18.119811918020584
-0.5,0.21875,26.629783333570323,0.4449554637014613,0.6264112708385366,0.9365466748017084,0.5392327549978988,480.0,220.0,False,1.4121524617598522,1.2034813364563695,0.30053006635024015,17.724133456522598
-0.5,0.25,25.875549544198677,0.452362915913991,0.5865408929020347,0.951189749847468,0.5349322832766541,480.0,220.0,False,1.4020514643472177,1.1888362846035092,0.2728086436395168,17.316993161845485
-0.5,0.28125,25.09193652955699,0.4609507144940216,0.551210138697256,0.9682733374008542,0.5300562629552857,480.0,220.0,False,1.3946114049178535,1.1783638772794363,0.25712405431339275,17.033616110294457
-0.5,0.3125,24.684278622932677,0.463858584680007,0.5222215630466761,0.974130567419158,0.5284423179160022,480.0,220.0,False,1.3931963942238936,1.173468093704168,0.2561683588049927,16.95116142594907
-0.5,0.34375,24.276724845234497,0.4673894037419129,0.49885719204514845,0.9824283099450885,0.5267736436842415,480.0,220.0,False,1.398683598001322,1.1741086516569255,0.26727128322914495,17.086102175011607
-0.5,0.375,23.912918975553843,0.4705711125342027,0.4785875513797584,0.9902379499694935,0.525355325495701,480.0,220.0,False,1.4095361486625793,1.1789878340238953,0.28368433291497597,17.39310721371563
-0.5,0.40625,23.71981786397736,0.4710368516038889,0.45864550534121884,0.9912141549725443,0.5251096170710319,480.0,220.0,False,1.4225953569799674,1.186008760383949,0.29743903317025694,17.77496346962169
-0.5,0.4375,23.73966333263944,0.4676527106504396,0.4372861340122681,0.9838926174496644,0.5268470160201866,480.0,220.0,False,1.4343278442790726,1.1928970915303585,0.3022906009079836,18.117812950929746
-0.5,0.46875,23.77223210918193,0.4638922888616891,0.41404787955893124,0.9751067724222087,0.5286379991741874,480.0,220.0,False,1.442094427421345,1.1978245242674788,0.2961106643362198,18.338353449100925
-0.5,0.5,23.588542180568783,0.46353407567189414,0.38925862768233865,0.974130567419158,0.5287763414202231,480.0,220.0,False,1.4449865512527948,1.1998469752368588,0.28199480018104767,18.412957847783936
-0.375,-0.5,29.625730078495106,0.49852273546155507,1.148057950904761,0.848078096400244,0.44981000633312224,440.0,205.0,False,0.600680912636857,0.9679031723196738,0.5951891457963517,8.3291827446156
-0.375,-0.46875,30.050672023909463,0.49209805436538595,1.1777094248591142,0.8588163514338011,0.46192660550458714,445.00000000000006,210.0,False,0.5923744417642007,0.9933916734295886,0.5764210157967807,8.294680262433936
-0.375,-0.4375,30.491871033324838,0.48212699063632014,1.188468227204572,0.8646735814521049,0.4759650939210176,450.00000000000006,215.00000000000003,False,0.5796805639418616,1.0193459403114022,0.5531613002340173,8.33264236784997
-0.375,-0.40625,30.974068306016243,0.4678114433468143,1.1784316604188685,0.8649176327028676,0.4928448769318832,455.00000000000006,220.0,False,0.563979514904645,1.045211539617321,0.5278967581094063,8.476976634112532
-0.375,-0.375,31.523240369079723,0.44981580818199446,1.1470094931467831,0.8532031726662599,0.510021023125438,460.0,220.0,False,0.5470831750898527,1.0703486560616688,0.5034737627921071,8.73447883668235
-0.375,-0.34375,31.726977644450663,0.43545230730383183,1.095209231989002,0.8456375838926175,0.5245609220636663,465.00000000000006,220.0,False,0.5309265089125662,1.0939408547674494,0.482346142592714,9.074728476951485
-0.375,-0.3125,31.596002402642036,0.42478532155433374,1.0257420247921265,0.8429530201342282,0.5363758389261745,475.0,220.0,False,0.5171388997587911,1.1149424799783674,0.4661470226366079,9.442588175634041
-0.375,-0.28125,31.225263618206466,0.41686381558993024,0.9429052935231417,0.8424649176327028,0.5456101092536527,480.0,220.0,False,0.5066569340848268,1.1321384467560625,0.4556934031714094,9.781260392471994
-0.375,-0.25,30.70741770156001,0.4112743628185907,0.8522618440624683,0.8407565588773642,0.5517241379310345,480.0,220.0,False,0.499557110212622,1.1443513666100729,0.45099554843492223,10.048639663707164
-0.375,-0.21875,30.287371610776837,0.4045305514157973,0.760209484181172,0.8319707138499085,0.557215222756202,480.0,220.0,False,0.4952131597588381,1.1507600182875175,0.45101216163441166,10.221336188971602
-0.375,-0.1875,30.25479885097569,0.39198719848278313,0.6735590767413245,0.8109823062843197,0.5663012268337249,480.0,220.0,False,0.49274110387999603,1.1512214139242039,0.4536093812827529,10.291054964405115
-0.375,-0.15625,29.840743601025515,0.3881108550493411,0.5991523152685908,0.8053691275167785,0.5694154488517745,480.0,220.0,False,0.49156812129577204,1.1464667323265536,0.4562425368574052,10.259626606566673
-0.375,-0.125,29.254160124678677,0.3899274635843604,0.5432798100226143,0.810738255033557,0.5687394521614956,480.0,220.0,False,0.49190644305453174,1.1380827707426606,0.4570553927108539,10.134912683677154
-0.375,-0.09375,28.954367577112805,0.39020081267298745,0.5104553646147392,0.8124466137888957,0.5688940688940689,480.0,220.0,False,0.49495293111409533,1.1282762882074227,0.45554808766364024,9.925704313589558
-0.375,-0.0625,28.690320616862174,0.39331725395611505,0.5016500392027241,0.8197681513117755,0.5671949491044969,480.0,220.0,False,0.5027362972804181,1.1194947781158349,0.45233381063112627,9.635568379424733
-0.375,-0.03125,28.69892164745539,0.3948467556915113,0.5134523972754169,0.82294081757169,0.5662464625675327,480.0,220.0,False,0.517648542824601,1.114006261174394,0.4482654329771183,9.261897710511187
-0.375,0.0,28.828466324264355,0.3964207923706364,0.5394496128008568,0.8256253813300793,0.5651111968119296,480.0,220.0,False,0.54179414147304,1.1135293922504421,0.443672087617294,8.80760159056475
-0.375,0.03125,28.820652880738255,0.40136655475054483,0.5727489957320633,0.8353874313605857,0.5619401074993601,480.0,220.0,False,0.576340743277086,1.1189663972613466,0.43825683079457034,8.304540320764382
-0.375,0.0625,28.61354882179845,0.41001002181217944,0.6077628821657299,0.8525930445393533,0.5565217391304348,480.0,220.0,False,0.621066070057568,1.130267822096932,0.4315623299207791,7.835661635656922
-0.375,0.09375,28.276228913729064,0.4205838985549985,0.640782119341132,0.8740695546064674,0.5501475852540351,480.0,220.0,False,0.6742495280264802,1.1464410619244267,0.42347844233977744,7.532232816052044
-0.375,0.125,27.988061262861134,0.4297174541379107,0.6697802390468087,0.8928615009151922,0.5448211508553654,480.0,220.0,False,0.7329672426294636,1.1657120612829488,0.4144419620942365,7.522675680270165
-0.375,0.15625,27.78852479207438,0.4364139718442599,0.6938585929823187,0.9079926784624771,0.5413302101954016,480.0,220.0,False,0.7937284947608316,1.18583410559848,0.40540776306750925,7.85116201751502
-0.375,0.1875,27.331956435275284,0.44675095560129374,0.7126068684279073,0.9309334960341672,0.5359206764401727,480.0,220.0,False,0.8532710987155445,1.2045039192175333,0.39775876374628777,8.447502240393108
-0.375,0.21875,26.84376607760346,0.45681911583396934,0.7256201951764242,0.9533862111043319,0.5307789321962645,480.0,220.0,False,0.9092646074188211,1.219802558876442,0.3929912304390407,9.184104423216057
-0.375,0.25,26.654063752645193,0.4609113834965691,0.7323614201056867,0.9629042098840757,0.5288111303517048,480.0,220.0,False,0.9606827885242947,1.230541234611983,0.3918800668203124,9.949058501205116
-0.375,0.28125,26.142732259993444,0.4695718385755286,0.7323885172134035,0.9821842586943258,0.5244875051692562,480.0,220.0,False,1.0077245808126787,1.2364140240946502,0.3934381465157886,10.677445420819442
-0.375,0.3125,26.389399037363408,0.4641165116687138,0.7257743194898263,0.9721781574130567,0.5277135574130061,480.0,220.0,False,1.0513339992349522,1.2379183123579593,0.39468634706388533,11.346402070397144
-0.375,0.34375,26.93961910129023,0.45256028493022715,0.7134678213781837,0.949725442342892,0.5343703260544421,480.0,220.0,False,1.0925354136569658,1.2361013632262938,0.3917711191447542,11.958367058695227
-0.375,0.375,27.133475692758523,0.4467712769060258,0.6974204870311256,0.9384990848078096,0.5377727026864595,480.0,220.0,False,1.131863286838125,1.2322433721888262,0.3817155478147803,12.527105806525043
-0.375,0.40625,27.050153851915844,0.44560340306508944,0.6803904498762651,0.9370347773032337,0.5386602583358366,480.0,220.0,False,1.1691063865061642,1.2275844272324954,0.3637022546042812,13.068074899832832
-0.375,0.4375,26.914058014944892,0.4456540723059906,0.6653988095287549,0.9380109823062843,0.5388445617613534,480.0,220.0,False,1.2034394232850651,1.2231556498260778,0.3394262744288452,13.590527705534463
-0.375,0.46875,26.758406317421734,0.4468184199802061,0.6548430398674085,0.9404514948139109,0.5381988135897897,480.0,220.0,False,1.2338526286415692,1.2197074506832255,0.31270372038038086,14.092675053493748
-0.375,0.5,26.456665599172013,0.4512429411422251,0.6494783261843333,0.949725442342892,0.5357590217715479,480.0,220.0,False,1.2596789201555834,1.2176908428625315,0.28860381700263404,14.563494312375306
-0.25,-0.5,9.258491530864635,0.843863711544823,0.3960884153771683,0.9377669310555217,0.10211473302955953,385.00000000000006,150.0,True,0.5714898974041546,0.8701182962049719,0.3985872415501566,5.90277530905806
-0.25,-0.46875,10.764643108839136,0.8205599394660037,0.46622949917810413,0.9302013422818792,0.12167300380228137,385.00000000000006,150.0,True,0.5886872756088155,0.8805025864087448,0.42545222208356487,5.819605580260992
-0.25,-0.4375,12.842360859052366,0.784385835872649,0.5416245551447416,0.9148261134838316,0.1499036171901576,390.00000000000006,155.0,False,0.6060869273902424,0.8918564472225322,0.45121408699055787,5.809143526245092
-0.25,-0.40625,15.476439132313622,0.7360024387765471,0.6200219544158798,0.8877364246491763,0.1845084631767739,395.0,160.0,False,0.6217424635507437,0.9042035915963055,0.4742691510024355,5.877297346550781
-0.25,-0.375,17.242165253995157,0.7086482772160597,0.6989447115438178,0.8848078096400244,0.21551444336254463,400.00000000000006,165.00000000000003,False,0.6343900986927979,0.9178187248282441,0.4932513564115766,6.0008460539706725
-0.25,-0.34375,19.283293594798685,0.6728480487129809,0.7754626532142977,0.8938377059182429,0.26522218878523424,405.00000000000006,180.0,False,0.6435873452337806,0.9331836502515957,0.5071899985563687,6.146377740948683
-0.25,-0.3125,20.657730723680544,0.6508436052102456,0.846161332628063,0.912385600976205,0.3025837142057644,410.0,185.00000000000003,False,0.6496430215400443,0.9508548334623078,0.5154742009378989,6.286322826014876
-0.25,-0.28125,22.193587536364195,0.6235978396343996,0.9073001217160659,0.9197071384990848,0.3375230728663092,420.0,190.00000000000003,False,0.6533331701832715,0.971257199733923,0.5177150051687456,6.406032711889156
-0.25,-0.25,23.40381676320329,0.6021084577909113,0.95513577818304,0.9238560097620501,0.363621080944776,425.00000000000006,195.00000000000003,False,0.6554691168369554,0.9944455113398913,0.5137057712534429,6.5055876060856015
-0.25,-0.21875,24.258781932976234,0.5856801172749017,0.9863520451342865,0.9302013422818792,0.38469610138025667,430.00000000000006,195.00000000000003,False,0.6564556211499808,1.0198984379575542,0.5036013290993535,6.599738742477361
-0.25,-0.1875,25.049600990925477,0.567454694608099,0.9985115078100972,0.9323978035387431,0.4056009334889148,435.00000000000006,200.00000000000003,False,0.6560078514286245,1.0464228129196878,0.4882270824084721,6.713818649143033
-0.25,-0.15625,25.511459145106464,0.5538562377102906,0.9904280387107245,0.9319097010372178,0.42025354892583316,440.0,205.0,False,0.6531618197010775,1.0722366180467617,0.4692764147870956,6.872632583450381
-0.25,-0.125,25.863853412535278,0.5382334251217963,0.9623979468088724,0.9341061622940817,0.4380826543345812,445.00000000000006,210.0,False,0.6466096238634844,1.0952590591014357,0.44919287976368377,7.087112165585833
-0.25,-0.09375,26.234112406402662,0.5192294555639047,0.9162622677552963,0.9314215985356925,0.4577679903388506,450.00000000000006,215.00000000000003,False,0.6352489876672974,1.1135616564196424,0.43071781316737845,7.350080532680528
-0.25,-0.0625,26.374199122518366,0.5019434745371896,0.855343164066837,0.9336180597925564,0.47721216262384697,460.0,220.0,False,0.6187299201152265,1.1258529968595472,0.41625966101229384,7.645206093770065
-0.25,-0.03125,25.98780994351231,0.4938263706736613,0.7843033064279666,0.9458206223306894,0.4896292882070192,465.00000000000006,220.0,False,0.5977651852642992,1.1318258977236042,0.40731710924526854,7.959121124354258
-0.25,0.0,25.848435939913518,0.48152778645996125,0.7089637755569483,0.9438682123245882,0.5021561433996267,475.0,220.0,False,0.5740699555596289,1.1322368317492284,0.4041837244110835,8.284694503648154
-0.25,0.03125,26.220206295580386,0.4611237056552907,0.6360389489750885,0.9222696766320927,0.5181076256057128,480.0,220.0,False,0.5499589392125251,1.128696889087625,0.4060778376682255,8.615085838483465
-0.25,0.0625,27.299764721571155,0.43124432334241597,0.5726475698104465,0.8729713239780353,0.5376761018482616,480.0,220.0,False,0.5277752850501517,1.1232741001394801,0.4116284454100568,8.938069689925461
-0.25,0.09375,27.996951643279075,0.4111397875277594,0.5253198685397623,0.8397803538743136,0.5516028146989835,480.0,220.0,False,0.5093792961900871,1.118059694754152,0.419416783534364,9.237617237349431
-0.25,0.125,28.392365430287462,0.3995233839737861,0.49834852329330775,0.822208663819402,0.5604123173277662,480.0,220.0,False,0.49587283098759166,1.1148223729339106,0.4282608286769251,9.500231612118704
-0.25,0.15625,28.688688119967065,0.3928000473681094,0.49215350718829604,0.8134228187919463,0.566015625,480.0,220.0,False,0.4876188878022829,1.1148021874513723,0.43716600873515077,9.718956474684191
-0.25,0.1875,29.007949756578885,0.38865583456425407,0.5031549634366825,0.8065893837705919,0.5691003911342895,480.0,220.0,False,0.48449657978053984,1.11862946674683,0.4451236058312694,9.891538858393027
-0.25,0.21875,29.14470165365092,0.38924591710394435,0.5255477790883905,0.8095179987797437,0.5692207792207792,480.0,220.0,False,0.48625917082271125,1.12632718847213,0.45101404648604143,10.014956872774691
-0.25,0.25,29.350187649750133,0.3898035050451407,0.5534207425322155,0.810006101281269,0.5686809616634177,480.0,220.0,False,0.4928394741376981,1.1373611713634721,0.4537494699127952,10.081134702005748
-0.25,0.28125,29.55047622599395,0.390287027759769,0.5818805014136508,0.8119585112873704,0.5686503306106573,480.0,220.0,False,0.5044837135577438,1.1507301458528507,0.45260288969740864,10.07724427390095
-0.25,0.3125,29.55715638389053,0.39386611618991446,0.6072591258902568,0.8187919463087249,0.5662572721396251,480.0,220.0,False,0.5216592874950325,1.1651078637700136,0.44755689506667323,9.99095470498865
-0.25,0.34375,29.59917398541699,0.3961027457927369,0.6269889634272949,0.8224527150701647,0.5645994832041343,480.0,220.0,False,0.5447769469803356,1.1790523902625636,0.4394931429028114,9.818360352485856
-0.25,0.375,29.35532694643777,0.4022954505117435,0.639503653475093,0.8336790726052471,0.5603603603603604,480.0,220.0,False,0.5738567143709065,1.191269641611404,0.4300947894916045,9.571095187912634
-0.25,0.40625,28.921327123513976,0.4106180008295313,0.644267134197928,0.84954240390482,0.554973152646382,480.0,220.0,False,0.6083018859346704,1.2008765289651422,0.42142485959823833,9.279375411198497
-0.25,0.4375,27.94398094821806,0.4273671712674384,0.6419161313501731,0.8823672971323978,0.5446760279579371,480.0,220.0,False,0.6469008320537504,1.2075811077618757,0.4152809667496314,8.988947367080693
-0.25,0.46875,26.945398779503904,0.44335763827138536,0.6344299836642604,0.9165344722391702,0.535928328699413,480.0,220.0,False,0.6880672680851282,1.2117168193024268,0.412569743570027,8.75192391924635
-0.25,0.5,26.552630026413933,0.4482432831414231,0.6251496416569238,0.9302013422818792,0.5341318829065574,480.0,220.0,False,0.7302172576370533,1.2141185374371213,0.4129734135275515,8.61383515161404
-0.125,-0.5,12.52023602145446,0.7665074114908734,0.44722206406362897,0.7635143380109823,0.0,350.00000000000006,120.0,False,0.9860468173825575,0.9007259717330589,0.3347927884755676,5.575607943320789
-0.125,-0.46875,10.741813095562886,0.8030135979419332,0.39787532685527394,0.7998779743746187,0.0,355.0,120.0,False,0.9216641038826295,0.8979092859393617,0.29090134277849344,3.790910695830495
-0.125,-0.4375,8.62394779590141,0.8480950630895504,0.3463340315492426,0.8447834045149482,0.0,360.0,125.0,True,0.8693964092764933,0.8973232359384312,0.2536219880315493,2.396299481650503
-0.125,-0.40625,7.140429030898602,0.8760259708440524,0.2938372668928266,0.8726052471018914,0.0,360.0,130.0,True,0.8277906182025235,0.8983413054841838,0.22407108210648125,1.451268518284411
-0.125,-0.375,5.192415365908171,0.9166972926620115,0.24285835398775446,0.913117754728493,0.0,365.00000000000006,130.0,True,0.7951555554352299,0.9004644964004609,0.20405501097634707,1.067959589711626
-0.125,-0.34375,3.622965125316477,0.948793335783413,0.19876852525581828,0.9450884685784015,0.0,365.00000000000006,135.0,True,0.7699524131831488,0.9034396256777775,0.19539990390522097,1.1049189502398453
-0.125,-0.3125,2.100064952400259,0.9835844664951611,0.1723768130535631,0.9797437461866992,0.0,370.00000000000006,135.0,True,0.7510426813905797,0.9073120097564807,0.19865637077213064,1.194674577539914
-0.125,-0.28125,2.2142458326753083,0.9816757082579868,0.1772911334681237,0.9936546674801708,0.01595166163141994,375.0,140.00000000000003,True,0.737748428472736,0.9124030793053647,0.21227191870334602,1.2252804053517932
-0.125,-0.25,3.386052986461295,0.9582110576358728,0.2152918112578009,0.9970713849908481,0.04084986500763001,375.0,140.00000000000003,True,0.7297371564319346,0.919220750500383,0.23320305158071766,1.2623706527936533
-0.125,-0.21875,4.532557642983146,0.9396799815816738,0.2751466501737192,0.9990237949969494,0.05755726948313572,380.00000000000006,145.0,True,0.7267900270165645,0.9283250346975753,0.2581616470178619,1.4018008155949422
-0.125,-0.1875,5.988486626592216,0.9160588037257322,0.3462696127872954,1.0,0.08035012905397823,385.00000000000006,145.0,True,0.7285400222182399,0.9401766070415752,0.2843612909397021,1.6864595393082449
-0.125,-0.15625,7.322677018184686,0.8973287897108937,0.4219772606497891,1.0,0.09915356711003627,385.00000000000006,145.0,True,0.7342669873104443,0.9549941668363999,0.3096802352021186,2.0998629770690562
-0.125,-0.125,8.762108839812674,0.8757644029610557,0.4975425361556994,1.0,0.12080248900332582,390.00000000000006,150.0,True,0.7428145884707821,0.9726421763300424,0.3325787697675521,2.6049950791049836
-0.125,-0.09375,10.314987067898752,0.8502239350067702,0.5688056348992306,1.0,0.14644307884595353,395.0,155.0,True,0.7526576136357812,0.992567099169454,0.3519770219927367,3.16275010008087
-0.125,-0.0625,12.133942492399877,0.815728989707205,0.6316501951207624,1.0,0.18107324872589187,400.00000000000006,160.0,False,0.7621043244684497,1.013801767179103,0.3671655366084263,3.7323960516610106
-0.125,-0.03125,14.149611932680724,0.773231031543052,0.6820398201001465,1.0,0.22373780430046414,410.0,170.0,False,0.7695772297112478,1.0350564448878563,0.37776701648633004,4.27225234258019
-0.125,0.0,16.362659396199497,0.7221582351377691,0.716444821811248,0.9985356924954241,0.2742350332594235,415.00000000000006,175.00000000000003,False,0.7738851450949312,1.0549046085784144,0.38374385476925793,4.744519432610899
-0.125,0.03125,17.97954814070603,0.6836158192090396,0.7324987542665172,0.9931665649786455,0.31042955180886217,420.0,180.0,False,0.7743927449641858,1.0720415586471097,0.38542870394184636,5.121913517935802
-0.125,0.0625,18.801477533788713,0.6615158204562178,0.7296432098238869,0.9912141549725443,0.331935192038819,425.00000000000006,185.00000000000003,False,0.7710257818154341,1.0855544843544438,0.38354058332707947,5.393176569462947
-0.125,0.09375,19.304060755771733,0.6433616379652408,0.7094986164245732,0.9931665649786455,0.35121562375448384,430.00000000000006,190.00000000000003,False,0.7641143908999715,1.095117485884655,0.37914170750104603,5.565424430582748
-0.125,0.125,19.496881615800007,0.6299218689564478,0.6757964877411011,0.9975594874923734,0.36662276284186873,435.00000000000006,190.00000000000003,False,0.75414861774528,1.10104062873607,0.3735023980165706,5.6625822929397405
-0.125,0.15625,19.844909299575068,0.6108658235426176,0.6338773296734712,1.0,0.38673950460226,445.00000000000006,200.00000000000003,False,0.7415556980457186,1.1041587549885605,0.36788433632807027,5.720554657486634
-0.125,0.1875,20.429464853432684,0.5855390574564235,0.5899046225238225,1.0,0.4121655548382469,450.00000000000006,205.0,False,0.726589395057466,1.1056090906925813,0.36330618287864785,5.7806319078525155
-0.125,0.21875,20.951265708660205,0.5627714581178904,0.5499326502925856,1.0,0.4350224060668735,455.00000000000006,210.0,False,0.709358255467419,1.1065764025611533,0.3603767492115143,5.8824406186279505
-0.125,0.25,21.353578402885514,0.5452783532714028,0.5188773241013437,0.9995118974984747,0.45243666020455914,465.00000000000006,215.00000000000003,False,0.6899582342623847,1.1080738535703676,0.35924771497583013,6.057095198437842
-0.125,0.28125,22.038846022270523,0.5248231552988514,0.49948733395525546,0.9907260524710189,0.47048848888019307,470.00000000000006,215.00000000000003,False,0.668634746031292,1.1107941607181135,0.3596961766787704,6.321353789839899
-0.125,0.3125,22.924406851930485,0.502676153894591,0.4917259245809737,0.9780353874313605,0.4895229603209987,475.0,220.0,False,0.6458988019118587,1.1150389156946907,0.36133489594624474,6.674569335722878
-0.125,0.34375,23.750235667944146,0.48390261850738947,0.49310964310173516,0.9668090298962783,0.5058933582787652,480.0,220.0,False,0.6225453314921517,1.1207235162282285,0.36392854570445615,7.1002376346550955
-0.125,0.375,24.846666521078234,0.46367767343229327,0.49997736627419564,0.9377669310555217,0.5195373554235698,480.0,220.0,False,0.5995612910045636,1.1274517417071175,0.3676913289068141,7.57178208993685
-0.125,0.40625,25.907397705657853,0.44478398945413145,0.5089323862434446,0.9097010372178157,0.5325725750830773,480.0,220.0,False,0.5779592980527122,1.1346496457311477,0.37330679008211703,8.059745971307573
-0.125,0.4375,27.36070320135786,0.4199559445139013,0.5176868122183474,0.8646735814521049,0.5483171851096379,480.0,220.0,False,0.5586052524709457,1.1417330149707878,0.3814649485070695,8.53715438679027
-0.125,0.46875,28.11740692147211,0.40757225090499083,0.5251089391845863,0.8419768151311775,0.5564412445358704,480.0,220.0,False,0.5421144883077694,1.1482666891266287,0.39211005348603106,8.981379502440486
-0.125,0.5,28.37796948778875,0.40495422724824987,0.530763673747893,0.8297742525930445,0.5560778169473821,480.0,220.0,False,0.528858936039349,1.154069824113659,0.40403184719594354,9.373239466445417
0.0,-0.5,29.096874039094267,0.39752541957613624,0.7781608749633452,0.3959731543624161,0.0,315.00000000000006,75.0,False,2.300386022762017,1.0968578258891544,1.0640593455927858,41.7931087605958
0.0,-0.46875,27.72607084822499,0.4308465025113316,0.7634141960202004,0.4291641244661379,0.0,320.0,80.0,False,2.184746778890572,1.0744359572175528,0.97304604105167,38.38117423720169
0.0,-0.4375,26.661336973115695,0.4551022908244518,0.7446551066847007,0.45332519829164125,0.0,325.0,80.0,False,2.065917036044406,1.0543132672655304,0.8821463826840097,34.91244109457569
0.0,-0.40625,25.32122222531916,0.4857282861693005,0.7214789325016618,0.4838316046369738,0.0,325.0,85.0,False,1.9463416840917147,1.0365313385604733,0.7933188205132617,31.458171272682808
0.0,-0.375,23.877723082182037,0.5180693372534607,0.6936043362286939,0.516046369737645,0.0,330.00000000000006,90.0,False,1.8282101951594856,1.0209628017960983,0.7079360548644512,28.079011157893028
0.0,-0.34375,22.604720105694383,0.5447752051941688,0.6608639623719947,0.5426479560707749,0.0,330.00000000000006,95.00000000000001,False,1.7135437229214838,1.0074338705348824,0.6267592704679564,24.827894830150534
0.0,-0.3125,20.9878045949455,0.579566335905917,0.6231904096298201,0.5773032336790727,0.0,335.0,95.00000000000001,False,1.604253577453043,0.9958240680359716,0.5500548929495565,21.753520208979484
0.0,-0.28125,19.127992536380294,0.6197476417983584,0.5805934879669339,0.6173276388041489,0.0,340.0,100.00000000000001,False,1.5021159277566052,0.9861199133584417,0.4777921074292542,18.90245526930544
0.0,-0.25,17.145005192779657,0.6621340193556291,0.5331254389795795,0.6595485051860891,0.0,340.0,105.0,False,1.4086617338617595,0.9784180919266592,0.40983631222407546,16.319101130260457
0.0,-0.21875,15.076016144101454,0.7057454367266937,0.4808426892050193,0.7029896278218426,0.0,345.00000000000006,110.0,False,1.3250219747915923,0.9728883639222283,0.3460696001954374,14.043807083194169
0.0,-0.1875,12.74703603534282,0.7552370452039692,0.42378743056689583,0.7522879804759,0.0,350.00000000000006,115.0,False,1.251789408028261,0.9697147069954171,0.2864107341291552,12.110034313084505
0.0,-0.15625,10.608160149149061,0.7986034546122749,0.36201715952604835,0.7954850518608908,0.0,355.0,120.0,False,1.1889516587479838,0.9690343713042472,0.2307519723546711,10.541320493486442
0.0,-0.125,8.275393224113326,0.84613499938748,0.2956986768193097,0.8428309945088469,0.0,355.0,125.0,True,1.1359242530640226,0.970888554325924,0.1788645714715168,9.348246253021042
0.0,-0.09375,5.926589185756841,0.8931765282371678,0.22525353898524053,0.8896888346552776,0.0,360.0,125.0,True,1.091679547268934,0.9751916579957051,0.13034094665686088,8.525395008544004
0.0,-0.0625,3.4218572000957854,0.9436481685654784,0.15151245817650785,0.9399633923123856,0.0,365.00000000000006,130.0,True,1.0549418142988627,0.9817207490069968,0.08463646884137946,8.049032584653359
0.0,-0.03125,1.9193399490680236,0.9669239250275634,0.07581496067311053,0.9631482611348383,0.0,370.00000000000006,135.0,True,1.0244016163323872,0.9901239060847774,0.04130730429522595,7.876316300923669
0.0,0.0,0.04881134069503589,1.0,1.3086510040213473e-07,0.9960951799877974,0.0,370.00000000000006,135.0,True,0.9989019002050464,0.9999464017644392,0.007574645829490279,7.856624577227443
0.0,0.03125,1.1369610502527148,0.9857505132230407,0.07373892515264327,0.9985356924954241,0.011834319526627219,375.0,135.0,True,0.9775533086768685,1.0106726301499214,0.042674196963161416,7.149812538536813
0.0,0.0625,2.8089252361233137,0.9559667408361635,0.14310781708163142,0.9995118974984747,0.04075418667291252,380.00000000000006,140.00000000000003,True,0.9597587655632122,1.0217798775694407,0.0814967557825785,6.525532620767485
0.0,0.09375,4.0379785005602,0.9368759325146333,0.20600812590906956,1.0,0.05945139446803627,385.00000000000006,140.00000000000003,True,0.9451504123519733,1.0327963815031556,0.11865574864665808,6.052811634370184
0.0,0.125,4.73509786741408,0.9304684828450929,0.2607912493900429,1.0,0.06588396215661689,390.00000000000006,145.0,True,0.9334702453994581,1.043352012328836,0.1533250295093115,5.735835245663008
0.0,0.15625,6.03058618689915,0.906093906093906,0.3064209251784807,1.0,0.09035409035409035,395.0,145.0,True,0.9244418797381821,1.0532098604644191,0.18456274997290684,5.565035316152191
0.0,0.1875,7.207316983218016,0.8827727911755164,0.34254647099146096,1.0,0.11376662701416676,400.00000000000006,150.0,True,0.9176782165360439,1.0622707125228297,0.21136404852268548,5.514857045765049
0.0,0.21875,8.534192127402127,0.8534239414532149,0.36952908769808274,1.0,0.1432305279665447,405.00000000000006,155.0,True,0.9126509360069934,1.070550943172259,0.23296502550743423,5.548309726137093
0.0,0.25,9.779334247680184,0.8244621755378244,0.38844789479383707,1.0,0.1723058276941723,410.0,160.0,True,0.9087197672317078,1.0781418500520905,0.24927686642302183,5.627211567200932
0.0,0.28125,11.045895057056807,0.7935258092738408,0.4010396319853411,1.0,0.20336346845533199,415.00000000000006,165.00000000000003,False,0.9051981974097049,1.0851634403201746,0.2612266701991327,5.721788989961658
0.0,0.3125,12.156059623212094,0.765831691528286,0.40947300336411746,1.0,0.23116615067079463,420.0,170.0,False,0.9014235285626956,1.0917255358329838,0.2706712076918531,5.814461302146828
0.0,0.34375,13.239586381311582,0.7383989145183175,0.4158874078198053,1.0,0.25870646766169153,425.00000000000006,170.0,False,0.8968057811477051,1.0979057241052625,0.27965132546163896,5.897729195264298
0.0,0.375,14.17273533750949,0.714861196251861,0.42180714408288866,1.0,0.28233645678255537,430.00000000000006,175.00000000000003,False,0.8908435567044111,1.1037468275788491,0.289227671259281,5.9691291999962655
0.0,0.40625,15.246096222052879,0.6881820488960325,0.4277468170175494,0.9965832824893227,0.3074705333672518,435.00000000000006,180.0,False,0.8831110402499387,1.109271272229114,0.2987221162911605,6.025537596004922
0.0,0.4375,16.166182066495583,0.6656534954407295,0.4333087838994488,0.9926784624771202,0.32840749607859326,435.00000000000006,185.00000000000003,False,0.8732325234865174,1.1145025388684398,0.3060773530413459,6.059825787944952
0.0,0.46875,17.07056538380719,0.6430901424138754,0.43775289702765097,0.9902379499694935,0.35022820081671874,440.0,190.00000000000003,False,0.8608639536882773,1.1194830842939805,0.3091203727779064,6.064587068994544
0.0,0.5,17.844849407359455,0.623007623007623,0.4406638933148784,0.9912141549725443,0.37104142469996126,445.00000000000006,195.00000000000003,False,0.8456960063086204,1.1242783975867445,0.3068667344531694,6.041940616292136
0.125,-0.5,34.70711109191843,0.2657111356119074,0.8589971100440909,0.26467358145210496,0.0,280.00000000000006,55.0,False,3.0731877015000744,1.5265747337313893,1.5992442268169127,65.42212946963117
0.125,-0.46875,34.61880608078601,0.26718118338846014,0.8550071132947229,0.2661378889566809,0.0,285.00000000000006,50.00000000000001,False,3.083181313511462,1.4823133151658794,1.587696025035503,65.29079121836403
0.125,-0.4375,34.42617842711641,0.27134631875535953,0.8506105078495175,0.27028676021964615,0.0,290.0,50.00000000000001,False,3.080526007086352,1.4407186202075062,1.5657556469614213,64.82782989333512
0.125,-0.40625,34.22829488027916,0.27551145412225897,0.8455831952241926,0.27443563148261135,0.0,295.00000000000006,50.00000000000001,False,3.0636753830185413,1.4013677398283806,1.5329941843111516,63.987951356468315
0.125,-0.375,33.96764813237743,0.28114663726571115,0.8396309030576541,0.28004881025015255,0.0,300.0,50.00000000000001,False,3.0315499036504208,1.363987877189404,1.489529437479913,62.74269315377412
0.125,-0.34375,33.650604587864265,0.28800686022295724,0.8324164991198444,0.286882245271507,0.0,300.0,50.00000000000001,False,2.983752415391359,1.3284461356773725,1.4359915682357505,61.08452913984453
0.125,-0.3125,33.017398452774486,0.30295234595124343,0.8235989095387124,0.3017693715680293,0.0,305.00000000000006,55.0,False,2.920727316081787,1.294740303047562,1.3734689443698858,59.029720878906225
0.125,-0.28125,32.267362567773446,0.32059291926987626,0.8128738583768536,0.3193410616229408,0.0,310.0,60.0,False,2.8438004322491883,1.2629785120678956,1.3034411448525463,56.61846429496441
0.125,-0.25,31.60954347473365,0.3352933970354037,0.8000016130772992,0.3339841366687004,0.0,310.0,60.0,False,2.7550710047313083,1.2333436525172272,1.2276948795200968,53.91156647613319
0.125,-0.21875,30.45523892569147,0.3627342888643881,0.7848083528073181,0.36131787675411836,0.0,315.00000000000006,65.0,False,2.6571734507552476,1.2060477043464553,1.148212992194811,50.98392713728755
0.125,-0.1875,29.831010442895998,0.3754747029278451,0.7671581746217201,0.3740085417937767,0.0,315.00000000000006,70.00000000000001,False,2.552965128836947,1.1812844156451292,1.0670296024456127,47.91604707452852
0.125,-0.15625,28.561163995479358,0.4048756584588999,0.7469086926621666,0.40329469188529593,0.0,320.0,70.00000000000001,False,2.4452186341718267,1.1591918432720167,0.9860565339956484,44.78546164901207
0.125,-0.125,27.31398733823501,0.43305157417616075,0.7238740817011862,0.43136058572300184,0.0,320.0,75.0,False,2.336384284432984,1.1398302417624349,0.9069065671617083,41.65988336786869
0.125,-0.09375,25.894810342668276,0.46514761729756215,0.6978170423722447,0.4633312995729103,0.0,325.0,80.0,False,2.228464497060711,1.1231780335014692,0.830758946395709,38.59342111787371
0.125,-0.0625,24.264745816793834,0.5021438196741395,0.6684755146947869,0.500183038438072,0.0,330.00000000000006,85.0,False,2.122996403965947,1.1091419171751131,0.7583125473197493,35.62610044036374
0.125,-0.03125,22.669567108899393,0.5374249663114051,0.6356125798239852,0.5353264185478951,0.0,335.0,90.0,False,2.0211167710103592,1.0975767163272683,0.6898424028854585,32.78609502414448
0.125,0.0,21.36489303831031,0.5641308342521132,0.5990716746751141,0.561928004881025,0.0,335.0,90.0,False,1.9236605957879007,1.0883077319533936,0.6253247122047575,30.09316946942475
0.125,0.03125,20.0110084719971,0.5913267181183388,0.5588277115681891,0.5890176937156802,0.0,340.0,95.00000000000001,False,1.8312544282969696,1.08115123934954,0.5645658602735301,27.56193748606926
0.125,0.0625,18.30642115447876,0.6270978806811222,0.5150379450713606,0.6246491763270287,0.0,345.00000000000006,100.00000000000001,False,1.74437649428768,1.0759293765178766,0.5072892808449817,25.203999707597475
0.125,0.09375,16.50220765004267,0.6648291069459757,0.4681018422597652,0.6622330689444783,0.0,350.00000000000006,105.0,False,1.6633772168987988,1.0724775657850019,0.4531938588442373,23.028887375598014
0.125,0.125,13.842667763395742,0.7248560578218792,0.41872674314512176,0.7220256253813301,0.0,350.00000000000006,115.0,False,1.588472765131067,1.0706446286929905,0.4020424030206757,21.044279385500545
0.125,0.15625,10.712876225321905,0.7971334068357222,0.3679764840802675,0.7940207443563149,0.0,355.0,120.0,False,1.519730702709026,1.0702862564311737,0.35381561183708815,19.255740492517287
0.125,0.1875,8.189036646144045,0.853240230307485,0.31726780963118634,0.849908480780964,0.0,360.0,125.0,True,1.457067866910796,1.0712542821953703,0.3088794476015806,17.66579118858897
0.125,0.21875,6.276046187174783,0.8934215361999265,0.26828947991981383,0.8899328859060402,0.0,365.00000000000006,125.0,True,1.4002708269261497,1.0733847154717857,0.26802748311068175,16.27209266677857
0.125,0.25,4.897304815350591,0.9201274041406345,0.22286049862272983,0.9165344722391702,0.0,365.00000000000006,130.0,True,1.3490381297539193,1.0764887434262256,0.2322534914731155,15.065588186839863
0.125,0.28125,3.2421938053829082,0.9554085507779003,0.18280568750313983,0.9516778523489933,0.0,370.00000000000006,130.0,True,1.3030328878580855,1.0803503454995564,0.20223966535973112,14.030709007181128
0.125,0.3125,2.747811507502336,0.9613455657492355,0.14998628708233677,0.958999389871873,0.00152458391563969,375.0,135.0,True,1.2619310377642114,1.084734154728944,0.17782949598778247,13.149067178758193
0.125,0.34375,2.1796629949878517,0.9700547778454047,0.12655349329969232,0.9743746186699207,0.004488218426630096,375.0,135.0,True,1.2254532846639008,1.0894047315859732,0.15801679777519426,12.40433579054264
0.125,0.375,1.4422550784536554,0.9864521591871296,0.1149688678983864,0.9980475899938988,0.00968640271219276,380.00000000000006,135.0,True,1.1933736372859494,1.0941549110295297,0.14179284673838238,11.783079369000038
0.125,0.40625,1.6659230299816765,0.9805405405405405,0.11665608732299061,0.9995118974984747,0.016096096096096097,380.00000000000006,140.00000000000003,True,1.1655054196114172,1.0988371774586787,0.12947767759106726,11.269045780281502
0.125,0.4375,2.6211533622328194,0.9577613516367476,0.13009630561506946,1.0,0.03848410184207439,385.00000000000006,140.00000000000003,True,1.1416720045606674,1.1033885260413612,0.12346131702273895,10.836060796941025
0.125,0.46875,3.4220701956139457,0.9411968177101349,0.15156852032597362,1.0,0.055113570852069645,390.00000000000006,140.00000000000003,True,1.1216696228140899,1.1078387081563916,0.12690995013881284,10.453554587165945
0.125,0.5,4.079525401083414,0.929409085733804,0.17734903697209106,1.0,0.06694751223955368,390.00000000000006,145.0,True,1.105230177414986,1.1122959721392924,0.14056307835940293,10.109561979182445
0.25,-0.5,33.0063178505828,0.31618277594021804,0.8817286785544106,0.31494813910921293,0.0,240.0,80.0,False,2.6385219422292763,2.855198443549482,1.3643988162080658,71.16360625138033
0.25,-0.46875,33.13331392918883,0.31324268038711256,0.8837549988140894,0.312019524100061,0.0,245.00000000000006,80.0,False,2.68931219353775,2.672300314123895,1.3856553442126691,69.1149691412623
0.25,-0.4375,33.2580906828274,0.3100575768712483,0.8844138993132535,0.3088468578401464,0.0,250.0,75.0,False,2.747886861414253,2.513526798462817,1.4099255591698594,67.8617371184056
0.25,-0.40625,33.380792449037635,0.30662746539262525,0.8837227005565961,0.3054301403294692,0.0,255.00000000000003,75.0,False,2.8125424394806977,2.3748710405879487,1.436558993717229,67.26382514131062
0.25,-0.375,33.52071396360676,0.3024623300257258,0.8817945693097446,0.301281269066504,0.0,260.0,70.00000000000001,False,2.8810063604101517,2.253014251368554,1.4645700999378133,67.1795285124561
0.25,-0.34375,33.66096278831303,0.29805218669606764,0.8788046145149306,0.2968883465527761,0.0,265.00000000000006,70.00000000000001,False,2.9505819331520247,2.145177953472616,1.4926124834428973,67.46548695095863
0.25,-0.3125,33.766470893513315,0.29437706725468576,0.8749490756726596,0.2932275777913362,0.0,270.0,65.0,False,3.018341131603094,2.0490265644614962,1.519005916676906,67.97986307998123
0.25,-0.28125,33.98557937477592,0.2875168442974397,0.8704112720204011,0.2863941427699817,0.0,275.0,65.0,False,3.0813305428359414,1.9626050240175976,1.5418283729988074,68.58719140354115
0.25,-0.25,34.0718031741239,0.28408673281881663,0.8653427172402742,0.28297742525930447,0.0,280.00000000000006,60.0,False,3.136763522905503,1.8843021287645847,1.5590735450680175,69.16366529847814
0.25,-0.21875,34.26468190466538,0.27771652578708805,0.8598595450303227,0.2766320927394753,0.0,280.00000000000006,55.0,False,3.182182534622988,1.8128255597078209,1.568862275114717,69.6020123894117
0.25,-0.1875,34.179540652221775,0.27869655763812323,0.8540469977947721,0.27760829774252593,0.0,285.00000000000006,55.0,False,3.215586295101177,1.747176369467433,1.5696778000285208,69.81547505154708
0.25,-0.15625,34.08296196484346,0.2799215974519172,0.8479630591314757,0.2788285539963392,0.0,290.0,55.0,False,3.2355180707554303,1.686614763812967,1.560576094391761,69.74046716978229
0.25,-0.125,34.03022668329985,0.2799215974519172,0.8416348253462422,0.2788285539963392,0.0,290.0,50.00000000000001,False,3.241114804918133,1.6306133391787818,1.5413136818265567,69.33753612445739
0.25,-0.09375,33.773462592208745,0.28531177263261054,0.8350473512325574,0.28419768151311775,0.0,295.00000000000006,50.00000000000001,False,3.232113632414871,1.5788019447399246,1.5123500197346673,68.59035080638819
0.25,-0.0625,33.55064068872252,0.28972191596226876,0.828128536573777,0.28859060402684567,0.0,295.00000000000006,50.00000000000001,False,3.2088183350534836,1.5309114928620844,1.4747191264302386,67.50286738442966
0.25,-0.03125,33.2871550627876,0.29511209114296216,0.8207344782788341,0.29395973154362415,0.0,300.0,50.00000000000001,False,3.1720254479371937,1.4867258664826124,1.429811014331605,66.09511034560312
0.25,0.0,32.73336906523569,0.308097513169178,0.8126384990868846,0.3068944478340451,0.0,305.00000000000006,55.0,False,3.122921164731318,1.4460500377504588,1.3791330249721219,64.39843241897141
0.25,0.03125,32.23535229790686,0.3193678794560823,0.8035271221707613,0.3181208053691275,0.0,305.00000000000006,55.0,False,3.062961834293713,1.4086970249737272,1.324118035323859,62.451031677305615
0.25,0.0625,31.91829626738903,0.32549307852505205,0.793007917619131,0.324222086638194,0.0,310.0,55.0,False,2.993753460713802,1.3744913638176883,1.2660153238818728,60.29425300803852
0.25,0.09375,31.108653262691163,0.34435869165747884,0.780635515915754,0.34301403294691885,0.0,315.00000000000006,60.0,False,2.9169462097428194,1.343282350190561,1.2058585839538813,57.969885770028384
0.25,0.125,30.178873969315198,0.36591939238025234,0.7659588679796305,0.36449054301403294,0.0,320.0,65.0,False,2.8341513495513375,1.3149561941484529,1.1444798591754828,55.518306211569325
0.25,0.15625,29.33672847852286,0.38453999754992035,0.7485850671804974,0.3830384380719951,0.0,320.0,70.00000000000001,False,2.7468849556934307,1.2894404173097689,1.0825374565745287,52.97730371090722
0.25,0.1875,28.414817628644094,0.4046306504961411,0.7282460278775144,0.4030506406345333,0.0,325.0,70.00000000000001,False,2.656533596572755,1.26669329156113,1.0205422840561313,50.38135493019489
0.25,0.21875,27.39402544592062,0.42668136714443217,0.7048500347485295,0.4250152532031727,0.0,325.0,75.0,False,2.5643346862491105,1.246680889282005,0.9588854977432218,47.761216159884604
0.25,0.25,26.15594537658057,0.45387725101065785,0.6785026112783838,0.4521049420378279,0.0,325.0,75.0,False,2.4713649148627588,1.2293461716391678,0.8978768148510609,45.143746241420324
0.25,0.28125,25.271869888568606,0.4710278084037731,0.6494906062263732,0.46918852959121415,0.0,330.00000000000006,75.0,False,2.3785324678438777,1.21457950552293,0.8377958571020439,42.55187914458116
0.25,0.3125,24.194749228874205,0.4928335170893054,0.6182340950964575,0.4909090909090909,0.0,330.00000000000006,80.0,False,2.28657737364556,1.2022005223778431,0.7789450081392002,40.004778719348415
0.25,0.34375,23.35072862191707,0.5080240107803503,0.585219869655663,0.5060402684563758,0.0,330.00000000000006,80.0,False,2.196083114065404,1.1919576830357614,0.721681588830272,37.518129403853344
0.25,0.375,22.569522330367928,0.521254440769325,0.5509345559484654,0.5192190359975595,0.0,335.0,85.0,False,2.107507796014663,1.1835481521759275,0.6664076630482063,35.104687359386695
0.25,0.40625,21.295034848136467,0.5474702927845155,0.5158138398736691,0.5453325198291641,0.0,340.0,90.0,False,2.0212354367926175,1.1766541430280495,0.6135108526851107,32.77515925085528
0.25,0.4375,18.842088931850405,0.6050471640328311,0.4802190095581261,0.6026845637583893,0.0,345.00000000000006,110.0,False,1.9376425507080306,1.1709869849469132,0.5632743957962493,30.539485587628857
0.25,0.46875,16.36010918238758,0.6633590591694231,0.4444434215546323,0.6607687614399024,0.0,350.00000000000006,115.0,False,1.8571646618433486,1.166326895827238,0.5157970285179843,28.40839162022666
0.25,0.5,13.869597330832915,0.7219159622687737,0.40874508206453836,0.7190970103721781,0.0,355.0,120.0,False,1.7803451470393228,1.1625473795409638,0.47097077194231585,26.394910826756732
0.375,-0.5,32.03079085442536,0.3286781820409163,0.8208215780009552,0.3273947528981086,0.0,165.00000000000003,110.0,False,3.003524726132247,8.46179322071707,1.2650571591552056,198.18072710151426
0.375,-0.46875,32.08316617001558,0.32843317407815753,0.8260055151073618,0.32715070164734594,0.0,175.00000000000003,105.0,False,2.8881245506849798,7.512122745721655,1.2538256725546035,174.7516006012257
0.375,-0.4375,31.965170867778788,0.33284331740781575,0.8316658925985128,0.3315436241610738,0.0,185.00000000000003,105.0,False,2.7924609253592396,6.715463442158195,1.2465330336672242,155.2270723495896
0.375,-0.40625,31.89530770933297,0.33602842092368,0.8375966235224794,0.3347162904209884,0.0,200.00000000000003,105.0,False,2.716049010622251,6.042908460085199,1.2429145132077035,138.9082137924264
0.375,-0.375,31.954108771044684,0.33578341296092123,0.843551650163464,0.3344722391702257,0.0,210.0,100.00000000000001,False,2.6585957703553387,5.4718456142790055,1.242657822047219,125.25645973033328
0.375,-0.34375,31.96511331577495,0.3367634448119564,0.8492765985887774,0.3354484441732764,0.0,220.0,100.00000000000001,False,2.6198177470746966,4.9843082071623135,1.2454464998538533,113.85167076735964
0.375,-0.3125,32.109919566476904,0.3340683572216097,0.8545412402643877,0.33276388041488714,0.0,230.0,95.00000000000001,False,2.5992693775245557,4.5658222165962865,1.2510323927898008,104.36212014570451
0.375,-0.28125,32.13924573062941,0.3343133651843685,0.8591614807271097,0.3330079316656498,0.0,235.00000000000003,95.00000000000001,False,2.596205067489492,4.204621281344195,1.2593165708369836,96.52305406248203
0.375,-0.25,32.37315377551198,0.3289231900036751,0.8630062292957696,0.32763880414887125,0.0,240.0,90.0,False,2.609493509132468,3.891109605393463,1.2703940287123687,90.12063768387522
0.375,-0.21875,32.352156526546146,0.33014822981746905,0.8659920632419719,0.3288590604026846,0.0,245.00000000000006,90.0,False,2.6375930943982184,3.617478758532983,1.2845150992180014,84.97879672860509
0.375,-0.1875,32.49795485407534,0.326718118338846,0.86807245184359,0.3254423428920073,0.0,250.0,85.0,False,2.6785874490291035,3.3774073820929122,1.3019451310413406,80.94741054247979
0.375,-0.15625,32.46171126096539,0.32794315815263997,0.8692287244924976,0.32666259914582063,0.0,255.00000000000003,85.0,False,2.7302675378047403,3.1657979153159963,1.3227570173100311,77.89153046065245
0.375,-0.125,32.72979250351995,0.32083792723263505,0.8694665514308546,0.3195851128737035,0.0,255.00000000000003,80.0,False,2.7902394903356837,2.9785290064055685,1.3466359964808678,75.68242512138714
0.375,-0.09375,32.64180553652369,0.3230429988974642,0.868818022271086,0.3217815741305674,0.0,260.0,80.0,False,2.856032575497087,2.8122218166254958,1.3727825477725617,74.19165937993682
0.375,-0.0625,32.60201155099361,0.3237780227857405,0.8673460463007374,0.32251372788285537,0.0,265.00000000000006,80.0,False,2.925188658291019,2.66403316732914,1.3999594731695457,73.28901735730767
0.375,-0.03125,32.87730877007216,0.31593776797745926,0.8651464881287124,0.3147040878584503,0.0,270.0,75.0,False,2.995322247181564,2.5314917258400125,1.4266652330649392,72.84395074452883
0.375,0.0,32.853954889379814,0.31593776797745926,0.862344022445631,0.3147040878584503,0.0,270.0,75.0,False,3.064154950952622,2.4123892014472776,1.4513655487314776,72.72929393616054
0.375,0.03125,33.13873290721173,0.30760749724366043,0.859079958595169,0.3064063453325198,0.0,275.0,70.00000000000001,False,3.129536561461452,2.304732029125915,1.472702250219719,72.8256702567901
0.375,0.0625,33.154720548650644,0.3063824574298665,0.855492971745737,0.30518608907870654,0.0,280.00000000000006,70.00000000000001,False,3.189470381045685,2.2067439021822857,1.4896219721375283,73.02534794493536
0.375,0.09375,33.38917995859684,0.29927722650986155,0.8516961787710903,0.2981086028065894,0.0,280.00000000000006,65.0,False,3.2421549931702836,2.1169007565448825,1.5014082314317156,73.23497546284972
0.375,0.125,33.695843450322265,0.2902119318877864,0.8477550694945876,0.289078706528371,0.0,285.00000000000006,60.0,False,3.2860440273033507,2.033972140120085,1.5076375098956456,73.37714342608028
0.375,0.15625,33.76274166446921,0.2875168442974397,0.8436707467835967,0.2863941427699817,0.0,290.0,60.0,False,3.3199138692309647,1.9570456127535962,1.5080990312318419,73.39097421387976
0.375,0.1875,33.75444288794878,0.2867818204091633,0.8393715913078835,0.28566198901769374,0.0,290.0,55.0,False,3.3429183201370765,1.885515156162122,1.5027161964596223,73.23180921383397
0.375,0.21875,33.61470212561373,0.28947690799951,0.8347148082363021,0.28834655277608295,0.0,295.00000000000006,55.0,False,3.3546095113330567,1.8190307788918574,1.4914918024041535,72.87001453613149
0.375,0.25,33.39688637436345,0.294132059291927,0.8294978326102547,0.2929835265405735,0.0,300.0,55.0,False,3.3549091464384406,1.757416236746764,1.4744806509279023,72.28882017533986
0.375,0.28125,33.19990994514752,0.29805218669606764,0.823478273335069,0.2968883465527761,0.0,300.0,55.0,False,3.3440342822552696,1.700575387201157,1.4517813141491462,71.48143363523324
0.375,0.3125,32.911527818266194,0.3041773857650374,0.816399937219819,0.3029896278218426,0.0,305.00000000000006,55.0,False,3.3223919023199255,1.648408036911719,1.4235374190831511,70.44778190949515
0.375,0.34375,32.60313264608226,0.3105475927967659,0.8080211364326767,0.30933496034167174,0.0,305.00000000000006,55.0,False,3.2904721535765216,1.6007532622260139,1.3899438087425082,69.1915533523631
0.375,0.375,32.126232871300964,0.3210829351953938,0.7981404963289968,0.31982916412446616,0.0,310.0,55.0,False,3.24877039998279,1.5573688502519083,1.3512583279668335,67.71819300911653
0.375,0.40625,31.773265312389523,0.32794315815263997,0.7866152106633937,0.32666259914582063,0.0,310.0,55.0,False,3.19775735373136,1.5179442560753715,1.3078208882732667,66.03422355150518
0.375,0.4375,31.029739221152003,0.34484870758299646,0.7733680324598963,0.34350213544844416,0.0,315.00000000000006,60.0,False,3.1379038952217297,1.4821367706188084,1.2600781233273155,64.1479489655539
0.375,0.46875,30.381837157528707,0.35881416146024747,0.758382528397061,0.3574130567419158,0.0,315.00000000000006,60.0,False,3.0697451251374432,1.4496151333164407,1.208605117602912,62.07105322496245
0.375,0.5,29.91239133801925,0.36763444811956386,0.7416886575750594,0.3661989017693716,0.0,315.00000000000006,65.0,False,2.993958465521076,1.4200954984472134,1.1541114934988994,59.82038192851135
0.5,-0.5,37.54479661025382,0.27400064648206013,0.8347727155475879,0.3103111653447224,0.3053810434307566,125.0,220.0,False,6.383684206077524,37.123795533212025,1.6882371721603284,916.8886878253873
0.5,-0.46875,36.926095779135636,0.28249755248558683,0.8280030970412272,0.31690054911531423,0.2839812517231872,130.0,210.0,False,5.972775370644995,31.668432249115924,1.6125627824396567,780.6372265426573
0.5,-0.4375,36.394915559483834,0.2887471125288747,0.8223255116436888,0.32031726662599147,0.26118772867998874,130.0,205.0,False,5.587144213042539,27.08352580222904,1.545623078439912,666.107872130725
0.5,-0.40625,35.63084156275561,0.2975937325125909,0.8176704621437934,0.3244661378889567,0.225007286505392,135.0,185.00000000000003,False,5.227491720789792,23.263845416025465,1.486979398212779,570.6584311018272
0.5,-0.375,35.153744247014764,0.30295148705190544,0.8140019422839975,0.3269066503965833,0.2024412027389104,135.0,175.00000000000003,False,4.893925632064621,20.091331855801908,1.4359620283005399,491.33508014571976
0.5,-0.34375,34.87317567296717,0.30482381115292506,0.8112955949543804,0.3261744966442953,0.1848124428179323,140.00000000000003,170.0,False,4.586196078889095,17.45393087157309,1.3918411675288298,425.3416801146104
0.5,-0.3125,34.67473020207083,0.3057054299161979,0.8095202574541959,0.324954240390482,0.17066334475241357,140.00000000000003,170.0,False,4.3038634907879905,15.253806393124709,1.353967256182907,370.2433352318413
0.5,-0.28125,34.284063793713,0.30848717055613606,0.808630928992276,0.324222086638194,0.14483424525265529,145.0,165.00000000000003,False,4.046409857195973,13.409519352933184,1.3218342545862585,324.0190932004783
0.5,-0.25,33.54024457359689,0.31203230787504455,0.808573660302068,0.3205613178767541,0.08879639264654873,150.0,165.00000000000003,False,3.8133048252304382,11.855167361901028,1.2950467186742562,285.03884132273726
0.5,-0.21875,32.30545321902969,0.3253070655478536,0.8092966406015205,0.326418547895058,0.021937842778793418,175.00000000000003,160.0,False,3.60405345066011,10.53826876758583,1.2732170148321738,252.0091704620379
0.5,-0.1875,31.80012218143667,0.33259830944505697,0.810758949473038,0.33129957291031115,0.0,190.00000000000003,115.0,False,3.4182263681289453,9.417279475997589,1.2558558189029005,223.91050192031642
0.5,-0.15625,31.616353157340974,0.3379884846257503,0.8129308833988027,0.3366687004270897,0.0,200.00000000000003,115.0,False,3.2554795070334603,8.459237645646374,1.2423286548238521,199.9379227118936
0.5,-0.125,31.57589902327038,0.33970354036506184,0.8157840926612739,0.33837705918242833,0.0,210.0,110.0,False,3.1155503617066813,7.637734625216354,1.2319179702782326,179.4506323464034
0.5,-0.09375,31.55911136335442,0.3409285801788558,0.8192750772934599,0.3395973154362416,0.0,215.00000000000003,110.0,False,2.998220417744733,6.931286015148102,1.2239730129089996,161.93170813083836
0.5,-0.0625,31.50112077993444,0.3433786598064437,0.8233272149272661,0.3420378279438682,0.0,225.00000000000003,110.0,False,2.903243710589736,6.322108078333086,1.2180796290507736,146.9580956169527
0.5,-0.03125,31.575245226859135,0.34239862795540854,0.8278177455005487,0.3410616229408176,0.0,230.0,105.0,False,2.8302439176743954,5.795242952992321,1.21417005260022,134.17906305876062
0.5,0.0,31.64240731823566,0.3416636040671322,0.8325738941724696,0.3403294691885296,0.0,235.00000000000003,105.0,False,2.7786061801455766,5.33796787388047,1.2125207794458859,123.30122962686721
0.5,0.03125,31.682460639846926,0.3416636040671322,0.837380292765822,0.3403294691885296,0.0,240.0,100.00000000000001,False,2.7473839591498708,4.939412120577308,1.2136378510041903,114.07798677688355
0.5,0.0625,31.821868893619673,0.3389685164767855,0.8419971748099276,0.3376449054301403,0.0,240.0,95.00000000000001,False,2.7352518188454136,4.590307659681927,1.2180757677703686,106.3015005126695
0.5,0.09375,31.829250117971668,0.33970354036506184,0.8461862240254288,0.33837705918242833,0.0,245.00000000000006,95.00000000000001,False,2.740516347253646,4.282815833628734,1.2262587857305751,99.79604431324826
0.5,0.125,31.932263739585935,0.33774347666299154,0.8497390525037773,0.33642464917632703,0.0,250.0,90.0,False,2.761184397412861,4.010383142399898,1.2383626501835878,94.41190379895954
0.5,0.15625,31.927761826852937,0.33847850055126794,0.8525021252690788,0.337156802928615,0.0,255.00000000000003,90.0,False,2.7950727158643973,3.767595852308046,1.254279612378549,90.01959858384849
0.5,0.1875,31.897638042644864,0.33970354036506184,0.8543927749862118,0.33837705918242833,0.0,260.0,90.0,False,2.8399281399345018,3.5500231355295453,1.2736499904045564,86.50450692619465
0.5,0.21875,31.97946000291543,0.33774347666299154,0.8554026041033164,0.33642464917632703,0.0,260.0,90.0,False,2.8935297745763364,3.354049008969516,1.2959219837508351,83.76208069067218
0.5,0.25,32.127818565889214,0.33382334925885093,0.8555880194294453,0.3325198291641245,0.0,265.00000000000006,85.0,False,2.9537496846224047,3.176706299106746,1.320405785902148,81.69386958884402
0.5,0.28125,32.18756794012573,0.3321082935195394,0.8550502389868846,0.33081147040878583,0.0,270.0,85.0,False,3.018566173263916,3.015529064069293,1.34630774311958,80.20453548138643
0.5,0.3125,32.26064557239365,0.32990322185471027,0.8539096479792516,0.3286150091519219,0.0,275.0,85.0,False,3.08603793630115,2.868436637744292,1.3727498366249626,79.1999281170709
0.5,0.34375,32.51316574515084,0.3227979909347054,0.8522801465419245,0.32153752287980475,0.0,275.0,80.0,False,3.1542636272698292,2.733656822715334,1.3987872022198953,78.58633130236906
0.5,0.375,32.615520678082916,0.3196128874188411,0.8502484285563088,0.31836485661989017,0.0,280.00000000000006,80.0,False,3.221350871127781,2.6096835209063682,1.4234326714184025,78.27079637749603
0.5,0.40625,32.898433186203356,0.31152762464780104,0.8478616043048893,0.3103111653447224,0.0,280.00000000000006,75.0,False,3.2854149126334447,2.4952580207136275,1.4456897829516833,78.16243900726734
0.5,0.4375,33.13254200972043,0.30466740169055495,0.8451238417231685,0.3034777303233679,0.0,285.00000000000006,70.00000000000001,False,3.3446146524059808,2.3893593770061243,1.464589919272642,78.17444814736601
0.5,0.46875,33.35426540585339,0.29805218669606764,0.8420009286197742,0.2968883465527761,0.0,285.00000000000006,65.0,False,3.3972165044366647,2.2911883700909748,1.4792290757326865,78.22635779203377
0.5,0.5,33.47132100279525,0.294132059291927,0.8384299880220712,0.2929835265405735,0.0,290.0,60.0,False,3.441667136027958,2.200137109009215,1.4888019591201092,78.24613123342104
0.625,-0.5,46.2936872450357,0.14422769427566356,1.0249581225366162,0.1651006711409396,0.47374562427071176,100.00000000000001,220.0,False,11.053444788774584,67.48782328555671,2.7339251578544723,1685.19495757969
0.625,-0.46875,45.76593219862302,0.15145073865447975,1.0073559281803344,0.17388651616839537,0.466491950580307,105.0,220.0,False,10.774447873835761,65.72572670044288,2.662761050502068,1640.571554705209
0.625,-0.4375,45.073817623875144,0.1614544683557723,0.9899267625123306,0.1858450274557657,0.4547081990691013,110.0,220.0,False,10.450236722419548,63.50194829014936,2.5789561018081617,1584.3663613518447
0.625,-0.40625,44.073208112464556,0.17643318851329873,0.972622374764406,0.2031726662599146,0.4334807757740728,110.0,220.0,False,10.089168924478498,60.753495237059106,2.4854655219454376,1515.0583582063443
0.625,-0.375,42.784207168424004,0.19737538363848026,0.9554110907043785,0.22757779133618058,0.40812440495080926,115.0,220.0,False,9.699836533990224,57.47721423078551,2.3854069082379317,1432.6088356763116
0.625,-0.34375,41.82869865700226,0.21191561539277007,0.938337505287976,0.24392922513727883,0.38849801162434994,115.0,220.0,False,9.290577213940159,53.735152525638696,2.2819091970788175,1338.5935388993948
0.625,-0.3125,41.038953023719415,0.2244465628641034,0.9215510416013339,0.25857230018303845,0.3762143067412423,115.0,220.0,False,8.869049247096138,49.64549971975936,2.177918344071862,1235.9766419333416
0.625,-0.28125,40.37172565311066,0.23427722982288685,0.9052958573990928,0.2695546064673581,0.36431654676258995,120.0,220.0,False,8.44192821240833,45.36172548042508,2.075981413493806,1128.5910835979498
0.625,-0.25,39.75982777915274,0.24317433336874536,0.8898666373680331,0.2793166564978645,0.35320712065555243,120.0,220.0,False,8.014760330083023,41.04641416957971,1.9780654586117965,1020.4871245844702
0.625,-0.21875,39.17959386305077,0.25135855087906234,0.8755463983730052,0.28785845027455764,0.34124546216140744,120.0,220.0,False,7.591976348932532,36.847303128563915,1.8854779694929202,915.3364198892169
0.625,-0.1875,38.56857655341042,0.2603442745643109,0.8625468137040438,0.29713239780353873,0.32827586206896553,120.0,220.0,False,7.17703543071597,32.88082895363245,1.7989254142136795,816.024099727973
0.625,-0.15625,38.13615751479424,0.26565689118057795,0.8509705406547179,0.3017693715680293,0.3166620613429124,120.0,220.0,False,6.772649548024434,29.22516577896657,1.7186907003754186,724.4783050006138
0.625,-0.125,37.453817971277125,0.2745034190817323,0.8408055658451433,0.30860280658938377,0.2933780385582565,125.0,220.0,False,6.381026008797708,25.92143284084094,1.6448548145389745,641.703855370907
0.625,-0.09375,36.83826583503675,0.2818091996926117,0.8319509033741167,0.3132397803538743,0.26928551095929404,130.0,210.0,False,6.004078283570005,22.9801716650437,1.5774718261708836,567.9471203735792
0.625,-0.0625,36.1554017900836,0.288536667038732,0.8242626227079078,0.31543624161073824,0.23543330375628513,135.0,195.00000000000003,False,5.643566826658246,20.38990823013247,1.5166341325126727,502.9120258352415
0.625,-0.03125,35.60590827891618,0.29475465313028765,0.8176053327193988,0.3188529591214155,0.21176470588235294,135.0,180.0,False,5.301161622191114,18.125485166829243,1.462424454394822,445.96901523709926
0.625,0.0,35.1337867495399,0.30051165434906196,0.811894315961296,0.32251372788285537,0.19297709923664122,140.00000000000003,175.00000000000003,False,4.978435143044805,16.154860470010913,1.414806470968795,396.3243707139291
0.625,0.03125,34.70599086516205,0.30569236055434656,0.8071189038514138,0.32568639414277,0.17547111523015138,180.0,175.00000000000003,False,4.676815486880422,14.443974037298094,1.3735297322248283,353.14026402342813
0.625,0.0625,34.07367053701587,0.315321556402263,0.8033421355860251,0.33325198291641245,0.1542273149581914,190.00000000000003,170.0,False,4.397527850269505,12.959808752242465,1.3381064799870042,315.60922753850025
0.625,0.09375,33.05930222630649,0.3296561436451121,0.8006785718046482,0.3427699816961562,0.11304073255446795,195.00000000000003,170.0,False,4.141549609910753,11.672037540057147,1.307873529061068,282.9933626257866
0.625,0.125,32.27087459663237,0.3365235075966025,0.7992557213202994,0.3432580841976815,0.0651379195746095,200.00000000000003,165.00000000000003,False,3.909591044650756,10.553678834503517,1.2821088593648773,254.63922745422983
0.625,0.15625,31.134634060847926,0.34778880313610194,0.7991686223964513,0.3464307504575961,0.0,210.0,125.0,False,3.7021007340035768,9.58114898545554,1.2601529876203836,229.97824516884603
0.625,0.1875,31.06263525402122,0.349993874800931,0.8004386724570293,0.34862721171446004,0.0,215.00000000000003,125.0,False,3.5192813308848647,8.733998598891919,1.2414944961141714,208.5197098546284
0.625,0.21875,31.12057384835665,0.34901384294989585,0.8029869007196,0.3476510067114094,0.0,220.0,120.0,False,3.36110494846477,7.994533239588712,1.2258047748227117,189.8412363190866
0.625,0.25,31.205977738588622,0.3475437951733431,0.8066287629609143,0.3461866992068334,0.0,225.00000000000003,115.0,False,3.2273145584467766,7.347433599180357,1.2129307321412857,173.57931717370317
0.625,0.28125,31.19728753830033,0.34876883498713707,0.8110914427484207,0.34740695546064676,0.0,230.0,115.0,False,3.117413697248176,6.77943243016075,1.2028654242676677,159.42132208037057
0.625,0.3125,31.312004574983916,0.34680877128506676,0.8160486810350878,0.34545454545454546,0.0,235.00000000000003,110.0,False,3.0306520277526223,6.279057859987649,1.1957133870665264,147.0991337189978
0.625,0.34375,31.428037358464284,0.34484870758299646,0.8211638089373697,0.34350213544844416,0.0,240.0,105.0,False,2.9660189665082277,5.836437173207735,1.1916578626446317,136.38424179390265
0.625,0.375,31.4418979711377,0.3455837314712728,0.826130384751441,0.3442342892007322,0.0,245.00000000000006,105.0,False,2.922257451803319,5.443133636828634,1.190927748599275,127.0835985383455
0.625,0.40625,31.49834751778892,0.34509371554575524,0.8307021288207461,0.3437461866992068,0.0,250.0,100.00000000000001,False,2.8979024369790096,5.091997239758389,1.1937597460886678,119.03570084176798
0.625,0.4375,31.54090210688629,0.34484870758299646,0.8347075787480107,0.34350213544844416,0.0,255.00000000000003,100.00000000000001,False,2.891337610121202,4.7770155369971325,1.2003534446556636,112.10645449121894
0.625,0.46875,31.63298461350051,0.34313365184368494,0.8380497741907749,0.34179377669310557,0.0,255.00000000000003,95.00000000000001,False,2.900855836957978,4.493155619315075,1.2108222092026393,106.18449882202928
0.625,0.5,31.70089968794471,0.341908612029891,0.8406940793019766,0.34057352043929223,0.0,260.0,95.00000000000001,False,2.9247056546343804,4.23620496334675,1.225146094205402,101.1760736507921
0.75,-0.5,42.9650296347501,0.19428635196964625,1.085887081797348,0.21244661378889568,0.31429696730996454,90.0,220.0,False,9.700361634276188,59.49731627653254,2.3051983633166166,1482.4504725547129
0.75,-0.46875,43.33427072613135,0.18948423749582266,1.0944265052489024,0.20756558877364248,0.32365805168986084,85.0,220.0,False,10.081934361158808,60.48505237204689,2.401933276448204,1508.3538653258854
0.75,-0.4375,43.85062257722007,0.18287678828878784,1.100749601541858,0.2012202562538133,0.3411905713144227,85.0,220.0,False,10.41823368828966,60.77086470378118,2.492957955646933,1516.7776605564034
0.75,-0.40625,44.44196132200145,0.17427340037573213,1.1049213057177472,0.19243441122635754,0.35972391392610636,85.0,220.0,False,10.703721392312648,60.46290912920455,2.575022013582189,1510.3869480067258
0.75,-0.375,45.71746466228206,0.15361744301288405,1.106955970323322,0.17022574740695545,0.3968871595330739,80.0,220.0,False,10.934123488241747,59.69382063501995,2.6452717026474684,1492.4479567229812
0.75,-0.34375,46.38170169270924,0.1441727880714834,1.106813977900494,0.16046369737644905,0.4214694236691597,80.0,220.0,False,11.106529478465642,58.59656641359142,2.7012764145545143,1466.2291516239734
0.75,-0.3125,46.8610811012226,0.13764872830477023,1.1044047845481624,0.15387431360585724,0.4417884019477645,75.0,220.0,False,11.219398258286839,57.28648691184656,2.741083782711602,1434.558532597095
0.75,-0.28125,47.024394881665096,0.1354880835781913,1.09959945890892,0.15192190359975594,0.45178335535006603,75.0,220.0,False,11.272484547021344,55.85108850225707,2.763320866831675,1399.575167969874
0.75,-0.25,47.04209081922786,0.13608314387788242,1.0922599554777968,0.1533862111043319,0.46074646074646075,80.0,220.0,False,11.266715984847275,54.34652767608344,2.7673170205649935,1362.6473263840496
0.75,-0.21875,47.01827607752276,0.13704381526536763,1.0822891553680698,0.1553386211104332,0.46936223426427676,85.0,220.0,False,11.204045167892884,52.7993257144588,2.753199237416026,1324.4193585154999
0.75,-0.1875,46.87763635923052,0.13902883481616465,1.0696940993238409,0.15826723611958513,0.47340641494112873,95.00000000000001,220.0,False,11.087310001637851,51.21128130567437,2.72190980365184,1284.9359165782926
0.75,-0.15625,46.650162237184645,0.1419113721302723,1.0546450155540141,0.16217205613178767,0.4749111023310944,100.00000000000001,220.0,False,10.920109765190587,49.56621631895776,2.6751191188016064,1243.8092512273865
0.75,-0.125,46.18325355797709,0.14868742693166118,1.0375072255261084,0.1707138499084808,0.47107750472589793,105.0,220.0,False,10.706690679159474,47.83759824864899,2.615039858121501,1200.4061350360407
0.75,-0.09375,45.715225950302944,0.15466977631718434,1.0188316274695017,0.17803538743136058,0.4653719311102968,110.0,220.0,False,10.451825878601113,45.9964137096767,2.544181748668127,1154.0395922319367
0.75,-0.0625,45.150948576837834,0.16159796545512345,0.9992975065610306,0.18608907870652838,0.45516255805644873,110.0,220.0,False,10.160677118657793,44.01866860113509,2.465104260293986,1104.1508077664103
0.75,-0.03125,44.2630204818934,0.17437797776601377,0.979622631029961,0.20097620500305063,0.4376920450665756,115.0,220.0,False,9.838639923923918,41.89187227415475,2.3802221457486423,1050.4660091850817
0.75,0.0,43.21096638672657,0.19025939650608786,0.9604608027036722,0.21928004881025015,0.4163689509581033,115.0,220.0,False,9.491180595962726,39.619464502899405,2.291694521601903,993.10304956891
0.75,0.03125,42.054379567779456,0.2080636604774536,0.9423139199666855,0.23929225137278828,0.39156065777226184,115.0,220.0,False,9.12368795093098,37.22240340334434,2.201397543572661,932.608557093222
0.75,0.0625,41.10261606617463,0.22322471075257402,0.925477847859205,0.25661989017693715,0.37429336506991967,120.0,220.0,False,8.741354589782079,34.73737863400854,2.110952404124916,869.9124692633044
0.75,0.09375,40.28362781893379,0.235600979452784,0.9100324591659269,0.27004270896888344,0.35724658727853614,115.0,220.0,False,8.349105930981645,32.21208525908129,2.0217716596462907,806.2107376535974
0.75,0.125,39.64470933123327,0.24473880995620126,0.895875319752005,0.27956070774862724,0.34336486099168817,115.0,220.0,False,7.9515685737320405,29.698694296884046,1.9350914814252222,742.8042658168921
0.75,0.15625,39.0391355804353,0.253510558473577,0.8827867483094971,0.28859060402684567,0.3302180685358255,120.0,220.0,False,7.553065552255006,27.247251689089502,1.8519781446264976,680.9367914366405
0.75,0.1875,38.48527305420546,0.2606491965922571,0.870511678169769,0.2949359365466748,0.31471505528778,120.0,220.0,False,7.157621696371959,24.900440857113587,1.7733132073942375,621.6670159672085
0.75,0.21875,37.86684163171488,0.26835635809855324,0.8588386334564553,0.30103721781574133,0.29453817557906775,125.0,220.0,False,6.768957930720936,22.690574774754914,1.6997732052827057,565.7959978848014
0.75,0.25,37.12253191631375,0.2770367103957667,0.8476603540321509,0.30665039658328247,0.26541946799181526,130.0,215.00000000000003,False,6.390468925901208,20.638809981986988,1.6318184673862235,513.8492734716874
0.75,0.28125,36.18880997079129,0.28851540616246496,0.8370041685646351,0.31421598535692497,0.22834881630206771,180.0,190.00000000000003,False,6.025184192684135,18.75605088307631,1.5696982729422526,466.10026081908876
0.75,0.3125,35.67681722145904,0.2948211666478619,0.8270277121129579,0.3188529591214155,0.2112888620585572,185.00000000000003,185.00000000000003,False,5.675729403539272,17.044809267359838,1.5134716399209414,422.6167104884841
0.75,0.34375,35.018202314326444,0.3039026055296393,0.8179833947914756,0.32593044539353266,0.18986957840461025,190.00000000000003,180.0,False,5.3443004948951485,15.501323400990058,1.4630365635751679,383.3131134320247
0.75,0.375,34.34738602279892,0.3138401559454191,0.8101617512656192,0.3339841366687004,0.1693474962063733,200.00000000000003,180.0,False,5.032663661911734,14.11752577597401,1.418162015219703,347.99910615392054
0.75,0.40625,33.350536811452535,0.3299315783370057,0.8038289247364561,0.34716290420988405,0.13918305597579425,205.0,175.00000000000003,False,4.742186970282597,12.882633233252928,1.378519922909393,316.4185163392397
0.75,0.4375,32.52078347319058,0.3403979748027788,0.7991730839746369,0.35277608297742524,0.10245265445513815,210.0,170.0,False,4.473895974448364,11.784344484675529,1.343718425164961,288.2787715314775
0.75,0.46875,31.01394817424885,0.35619603551015444,0.7962710677355341,0.3574130567419158,0.020073603211776515,215.00000000000003,145.0,False,4.228539457963451,10.809691989502364,1.3133369344223844,263.27184876169724
0.75,0.5,30.679618491192734,0.36040112510700745,0.7950796726807596,0.35960951799877977,0.004728132387706856,220.0,140.00000000000003,False,4.006647218663404,9.94563857717235,1.2869622032008001,241.08892065075483
0.875,-0.5,36.89264151470708,0.29218017231977317,0.8845195095971983,0.3269066503965833,0.2729986431478969,140.00000000000003,220.0,False,4.255661434180361,18.599930572586537,1.4927234570001437,451.7098638170991
0.875,-0.46875,37.26049642815625,0.28422439345702055,0.896404840761206,0.31592434411226356,0.2676096181046676,135.0,220.0,False,4.635181113212206,20.93397260048277,1.5296767886742375,510.75608530795375
0.875,-0.4375,37.3421010996446,0.2819378387346532,0.9091294887852343,0.3110433190970104,0.2562007586810622,135.0,220.0,False,5.047799976746132,23.54490734641819,1.5663769572566408,576.7659525545366
0.875,-0.40625,37.37193435265276,0.2807310821352948,0.922924727420723,0.3073825503355705,0.24331631120456593,135.0,220.0,False,5.487481967896801,26.42566656651108,1.605774954664186,649.5441792569567
0.875,-0.375,37.73373514814055,0.273602867062381,0.9379642541804374,0.2981086028065894,0.23870364599563726,135.0,220.0,False,5.947555225352633,29.54345200116029,1.6506294979623906,728.2598440737708
0.875,-0.34375,38.547419194914994,0.25783619817997977,0.9542869501002201,0.28004881025015255,0.2433234421364985,135.0,220.0,False,6.42102758199246,32.83141442054302,1.7031108572019549,811.2411432592128
0.875,-0.3125,39.599467348682886,0.23896191439164138,0.9717571482410301,0.2595485051860891,0.25759162303664923,135.0,220.0,False,6.9008266914020915,36.18316286470345,1.764579504611883,895.83920989459
0.875,-0.28125,40.5139580575355,0.2245263983858312,0.9900728373301737,0.24441732763880414,0.27453821079319085,135.0,220.0,False,7.379968580480692,39.45393836800229,1.8355050124842,978.4564901446269
0.875,-0.25,41.18152580835046,0.21517287680429675,1.008806334594911,0.23465527760829774,0.28698553948832034,95.00000000000001,220.0,False,7.851669477147752,42.47201016983557,1.9154549041874882,1054.828727622447
0.875,-0.21875,41.474260533086515,0.2130964353559057,1.0274531633091981,0.23270286760219647,0.29186780542146307,100.00000000000001,220.0,False,8.309428756963081,45.06146544999428,2.003108081860372,1120.5902307422832
0.875,-0.1875,41.77719523644952,0.2109313998884551,1.0454696122425853,0.2307504575960952,0.29780913479391014,100.00000000000001,220.0,False,8.747089139125638,47.07264030706415,2.096297032162181,1172.0291266644347
0.875,-0.15625,42.13103540791123,0.20779076238174735,1.0622945286845613,0.22782184258694327,0.3056898475269617,100.00000000000001,220.0,False,9.158891240498846,48.411361195431724,2.1921188726055916,1206.8125075363698
0.875,-0.125,42.446049237780635,0.2057225241211046,1.0773615664662775,0.2263575350823673,0.3152454780361757,95.00000000000001,220.0,False,9.539511184591953,49.05642731923726,2.287144192542386,1224.4179336360662
0.875,-0.09375,42.83221914082188,0.20190076251519504,1.0901161911924568,0.22294081757169004,0.3265757464061924,95.00000000000001,220.0,False,9.884082194250137,49.058908505407175,2.377714570149999,1226.1114679000295
0.875,-0.0625,43.33762047887595,0.1948395633476679,1.1000445591638253,0.21561928004881026,0.3389450056116723,95.00000000000001,220.0,False,10.188205623847441,48.52440199975784,2.4602820407694295,1214.5017690554128
0.875,-0.03125,44.369225053304504,0.17847336628226249,1.1067165733432778,0.19829164124466137,0.3669653291780288,90.0,220.0,False,10.44796041966652,47.58640071846129,2.5317244444850666,1192.8746663498234
0.875,0.0,45.66466923216253,0.15779114270092948,1.1098355216878097,0.1760829774252593,0.40494845360824744,80.0,220.0,False,10.659932494019378,46.380130110891194,2.5895821295315757,1164.5425883577918
0.875,0.03125,46.622248980658156,0.14223338063530183,1.1092824029585342,0.1589993898718731,0.4337244676227727,80.0,220.0,False,10.821285770857736,45.02353950975794,2.632187547292641,1132.3757390555027
0.875,0.0625,46.88355448672178,0.1393202302095776,1.1051458542272716,0.15655887736424648,0.44911979390296264,80.0,220.0,False,10.929878601502748,43.60725953360971,2.6586868773938885,1098.5595511278887
0.875,0.09375,47.0864219961183,0.13655530327602985,1.0977275066089014,0.1541183648566199,0.4623243933588761,80.0,220.0,False,10.984416460569056,42.192218254746805,2.6689775396662343,1064.5443540712042
0.875,0.125,47.08850997167518,0.13661319840671762,1.0875173630539514,0.15485051860890786,0.4701461377870564,90.0,220.0,False,10.984609512013545,40.812050363820006,2.6635941183332594,1031.1141111296342
0.875,0.15625,46.97485385369988,0.13832636879888568,1.075139446353392,0.15753508236729713,0.47541649735879726,95.00000000000001,220.0,False,10.931288187972857,39.477891642770885,2.6435726915823,998.5124502811327
0.875,0.1875,46.62589806263567,0.14334507418080905,1.0612735378503626,0.1638804148871263,0.4731267163593566,100.00000000000001,220.0,False,10.826440828332325,38.183880355709334,2.610314678102136,966.583009869284
0.875,0.21875,46.51922442442925,0.14413360280821189,1.0465659336263062,0.16534472239170225,0.47743925954492866,105.0,220.0,False,10.673144433841793,36.91254906596289,2.565460546440562,934.9033003134754
0.875,0.25,46.19902815655142,0.14747474747474748,1.0315474730437337,0.16924954240390483,0.47242297451502474,105.0,220.0,False,10.475394358370371,35.639941954636214,2.5107774983773075,902.9083162480335
0.875,0.28125,45.68835084092391,0.1542954231708612,1.0165780565534397,0.1773032336790726,0.46324344292574804,110.0,220.0,False,10.237859897833877,34.34042373728745,2.4480635152481454,870.0041065330498
0.875,0.3125,45.28701078861625,0.15925729442970823,1.0018290091911815,0.18316046369737646,0.45674990951863914,110.0,220.0,False,9.96561259020759,32.991171526880464,2.3790704918624974,835.6724643059102
0.875,0.34375,44.624025047469516,0.16817167746733241,0.987305315852224,0.1931665649786455,0.44122837980938934,165.00000000000003,220.0,False,9.66387352744665,31.57609513904425,2.305449337842434,799.5617864346963
0.875,0.375,43.469434852144275,0.1859103969351921,0.9728989514125715,0.21317876754118364,0.4139550486413955,170.0,220.0,False,9.337812627074685,30.088715409704584,2.228717168746727,761.5534584311981
0.875,0.40625,42.17336607265879,0.2069075791493444,0.9584566961172528,0.23685173886516167,0.3855650522317189,175.00000000000003,220.0,False,8.992424177552069,28.533478837929497,2.1502450749781996,721.7914438687167
0.875,0.4375,41.14464712511513,0.22337357119965814,0.9438450658198727,0.2551555826723612,0.36424445120097293,175.00000000000003,220.0,False,8.632461950567714,26.925209696248682,2.071260315307777,680.6676446944059
0.875,0.46875,40.256160452838685,0.236664162283997,0.9289995531104209,0.2690665039658328,0.3435546293539744,180.0,220.0,False,8.262424279968238,25.2868024914335,1.992857000461919,638.7653670044194
0.875,0.5,39.51746408397916,0.24749488201702402,0.9139508143243069,0.2802928615009152,0.3273792093704246,185.00000000000003,220.0,False,7.886559490726312,23.645762956624328,1.9160085283893091,596.7754035895405
1.0,-0.5,32.0906604554447,0.39150211930114753,0.790951648934357,0.462111043319097,0.2850670190673966,190.00000000000003,220.0,False,2.132645510857443,4.966312941196939,0.9936296943188659,108.25607382339444
1.0,-0.46875,32.3306054878587,0.3875944910427669,0.7996522591460649,0.4567419158023185,0.2852778308191713,190.00000000000003,220.0,False,2.125681662091528,5.4371456883063916,1.0198110212534794,119.39962531708191
1.0,-0.4375,32.75197570161779,0.3799896319336444,0.8091397766480285,0.44722391702257475,0.2879347192539343,185.00000000000003,220.0,False,2.1365999640708737,5.966715837575093,1.0532359518273249,132.1959359101894
1.0,-0.40625,33.31497098032898,0.3696215655780197,0.8187335670829611,0.43502135448444174,0.293639786011492,185.00000000000003,220.0,False,2.171513825062601,6.564274195404506,1.0933358483993498,146.87261153249517
1.0,-0.375,33.847879312571614,0.35920108186830335,0.8277745342386771,0.4213544844417328,0.2957373036916174,185.00000000000003,220.0,False,2.2360958967290365,7.240715218292242,1.1384563803380876,163.69262100923362
1.0,-0.34375,34.2165871516628,0.3512833944473546,0.8357649341118888,0.4091519219035998,0.2918690601900739,185.00000000000003,220.0,False,2.3352045476671877,8.008805016821956,1.1863713114223307,182.96417630371226
1.0,-0.3125,34.50077223978948,0.3452017275887496,0.8424781297949043,0.3998779743746187,0.2886911222053397,185.00000000000003,220.0,False,2.4725451881766527,8.8833250827746,1.234753196135339,205.04627145812336
1.0,-0.28125,34.81752380994074,0.33834268176526616,0.8480125739702803,0.39011592434411224,0.28686147668971673,190.00000000000003,220.0,False,2.650428762218108,9.881101753771073,1.2815054175261908,230.34919191744368
1.0,-0.25,35.22653611027714,0.329220295713222,0.8527777576343187,0.3776693105552166,0.2857142857142857,190.00000000000003,220.0,False,2.869651441072922,11.020739362945257,1.3249734547986964,259.3262762560681
1.0,-0.21875,35.67673833878005,0.31854709096753453,0.8574170673953732,0.36278218425869435,0.2824040550325851,185.00000000000003,220.0,False,3.129524151698719,12.321966139582491,1.3641026005840213,292.4559482432078
1.0,-0.1875,36.05943057586927,0.3085992428339643,0.8626857107267517,0.3481391092129347,0.2749682337992376,185.00000000000003,220.0,False,3.4280384019174157,13.804366485204598,1.3985828263457374,330.2094785709105
1.0,-0.15625,36.26135147567249,0.30342950462710944,0.8693109785407701,0.3400854179377669,0.26831189288527174,145.0,220.0,False,3.7621316702962533,15.485319956690322,1.4289749560289657,373.00050914494284
1.0,-0.125,36.34753817508532,0.3012153728238257,0.8778655243162427,0.33569249542403906,0.26068261220102124,145.0,220.0,False,4.127997312431502,17.376930230057987,1.4567681949541875,421.11077631444624
1.0,-0.09375,36.50266867823675,0.29845003847422225,0.8886789104763522,0.33129957291031115,0.25596053713346123,145.0,220.0,False,4.5213725108512515,19.48178047123034,1.4843050037399783,474.58726206197554
1.0,-0.0625,36.66835427052977,0.29548216060974264,0.9018027628394547,0.326418547895058,0.2496493688639551,145.0,220.0,False,4.937761888200467,21.78759252033037,1.5145277791547018,533.111900744298
1.0,-0.03125,37.2848223100093,0.28316128316128314,0.9170286719917289,0.31128737034777304,0.249043273476597,145.0,220.0,False,5.372566617579617,24.261257231173534,1.5505485006120263,595.854816086348
1.0,0.0,37.92170267840968,0.2708217192552124,0.9339449611713044,0.29640024405125076,0.2491499227202473,145.0,220.0,False,5.821121368313207,26.843422694806094,1.595109281041421,661.3403413129719
1.0,0.03125,38.65461689185409,0.2580104945852406,0.9520124619355408,0.2820012202562538,0.2557165861513688,145.0,220.0,False,6.278661576736875,29.44572605720095,1.6500613341879686,727.3777763133753
1.0,0.0625,39.31133451286474,0.24638979066383074,0.9706391217902879,0.2685784014643075,0.2591719959609559,145.0,220.0,False,6.740262146543294,31.953360784735473,1.7160067190531947,791.124172074385
1.0,0.09375,39.88378222160687,0.2390309255331026,0.9892397755608324,0.2612568639414277,0.2705281090289608,145.0,220.0,False,7.200774639380196,34.2353370623505,1.7921968317498784,849.3380334280747
1.0,0.125,40.30976548571613,0.23402831976809008,1.0072754973821527,0.25613178767541184,0.2774526678141136,145.0,220.0,False,7.654802674684532,36.16269593863318,1.876688396686254,898.8305337288028
1.0,0.15625,40.74353924583813,0.22893711741791875,1.0242724227204576,0.25100671140939596,0.28551580409864535,145.0,220.0,False,8.096723129327899,37.63118936768064,1.9666743592053566,937.0271802153478
1.0,0.1875,41.09941124866592,0.225784977255076,1.0398264285582517,0.2483221476510067,0.29462738301559793,150.0,220.0,False,8.520759538796053,38.58148442820825,2.0588779073517847,962.4668317757937
1.0,0.21875,41.52925911124271,0.2208826457250304,1.053599834832252,0.24368517388651617,0.3053913043478261,150.0,220.0,False,8.92110600021874,39.00946837592784,2.1499212412658677,975.0532785104494
1.0,0.25,41.9041092802126,0.21582495303348437,1.0653194639079056,0.23831604636973763,0.31208171891511094,150.0,220.0,False,9.292082517108788,38.962870899654625,2.2366193860499317,975.9658560373668
1.0,0.28125,42.34787216773729,0.21094866439485543,1.0747793760152613,0.23416717510677243,0.3273746933052927,150.0,220.0,False,9.628317344785042,38.52629526101255,2.316186385337899,967.2826436473705
1.0,0.3125,42.99757491540865,0.2007455322881263,1.0818505301075714,0.22342892007321538,0.3434922911437791,155.0,220.0,False,9.924939768898309,37.80112163371091,2.386358470352402,951.4787333564253
1.0,0.34375,43.62531248565906,0.19094983058257733,1.0864915848073098,0.21317876754118364,0.36077570435418954,155.0,220.0,False,10.177766158747556,36.88701474788415,2.445446141936772,930.968251076516
1.0,0.375,44.28276006288052,0.18111606657239204,1.0887545476545661,0.2031726662599146,0.3821892393320965,160.0,220.0,False,10.383464425371331,35.86922273625918,2.492330356760027,907.7943149392521
1.0,0.40625,45.733898192444194,0.15640942146966244,1.0887782424645573,0.17583892617449665,0.42151746286631875,160.0,220.0,False,10.53967699207136,34.812462038101415,2.526416639308764,883.4855552442287
1.0,0.4375,46.61014492430462,0.1431349249216809,1.0867686004676285,0.16168395363026236,0.4522529971062422,165.00000000000003,220.0,False,10.645082505928137,33.760040001956135,2.5475627648212544,859.0437205372391
1.0,0.46875,46.80035037819209,0.1402393014983292,1.0829674919711956,0.15875533862111044,0.46128364389233956,165.00000000000003,220.0,False,10.699391804246842,32.73616477357961,2.5559938179522166,835.009403785284
1.0,0.5,46.71182063242691,0.14196668457818376,1.0776190054662669,0.16119585112873702,0.4636622005684125,225.00000000000003,220.0,False,10.703271021312785,31.749675331409325,2.552217329499507,811.5603810497383
